Timestamp,Signal,Value
1970-01-01 00:04:18.945,red,40187.0
1970-01-01 00:04:19.575,red,40193.0
1970-01-01 00:04:19.724,red,40206.0
1970-01-01 00:04:19.782,red,40202.0
1970-01-01 00:04:19.850,red,40206.0
1970-01-01 00:04:19.867,red,40192.0
1970-01-01 00:04:19.872,red,40201.0
1970-01-01 00:04:19.892,red,40205.0
1970-01-01 00:04:19.934,red,40174.0
1970-01-01 00:04:19.954,red,40201.0
1970-01-01 00:04:19.970,red,40189.0
1970-01-01 00:04:19.986,red,40152.0
1970-01-01 00:04:20.002,red,40190.0
1970-01-01 00:04:20.018,red,40190.0
1970-01-01 00:04:20.038,red,40168.0
1970-01-01 00:04:20.058,red,40179.0
1970-01-01 00:04:20.078,red,40187.0
1970-01-01 00:04:20.110,red,40174.0
1970-01-01 00:04:20.126,red,40187.0
1970-01-01 00:04:20.142,red,40198.0
1970-01-01 00:04:20.160,red,40177.0
1970-01-01 00:04:20.173,red,40185.0
1970-01-01 00:04:20.193,red,40155.0
1970-01-01 00:04:20.213,red,40182.0
1970-01-01 00:04:20.233,red,40183.0
1970-01-01 00:04:20.264,red,40180.0
1970-01-01 00:04:20.280,red,40175.0
1970-01-01 00:04:20.311,red,40183.0
1970-01-01 00:04:20.327,red,40176.0
1970-01-01 00:04:20.349,red,40174.0
1970-01-01 00:04:20.370,red,40181.0
1970-01-01 00:04:20.390,red,40174.0
1970-01-01 00:04:20.415,red,40175.0
1970-01-01 00:04:20.435,red,40181.0
1970-01-01 00:04:20.451,red,40182.0
1970-01-01 00:04:20.467,red,40160.0
1970-01-01 00:04:20.489,red,40182.0
1970-01-01 00:04:20.505,red,40175.0
1970-01-01 00:04:20.525,red,40197.0
1970-01-01 00:04:20.547,red,40190.0
1970-01-01 00:04:20.567,red,40191.0
1970-01-01 00:04:20.583,red,40204.0
1970-01-01 00:04:20.601,red,40200.0
1970-01-01 00:04:20.622,red,40207.0
1970-01-01 00:04:20.655,red,40183.0
1970-01-01 00:04:20.669,red,40187.0
1970-01-01 00:04:20.689,red,40187.0
1970-01-01 00:04:20.709,red,40176.0
1970-01-01 00:04:20.726,red,40187.0
1970-01-01 00:04:20.745,red,40185.0
1970-01-01 00:04:20.764,red,40174.0
1970-01-01 00:04:20.781,red,40173.0
1970-01-01 00:04:20.811,red,40199.0
1970-01-01 00:04:20.811,red,40199.0
1970-01-01 00:04:20.831,red,40189.0
1970-01-01 00:04:20.831,red,40189.0
1970-01-01 00:04:20.875,red,40201.0
1970-01-01 00:04:20.907,red,40188.0
1970-01-01 00:04:21.345,red,40206.0
1970-01-01 00:04:21.380,red,40203.0
1970-01-01 00:04:21.400,red,40197.0
1970-01-01 00:04:21.424,red,40206.0
1970-01-01 00:04:21.444,red,40199.0
1970-01-01 00:04:21.484,red,40203.0
1970-01-01 00:04:21.500,red,40201.0
1970-01-01 00:04:21.521,red,40188.0
1970-01-01 00:04:21.541,red,40168.0
1970-01-01 00:04:21.572,red,40195.0
1970-01-01 00:04:21.592,red,40185.0
1970-01-01 00:04:21.612,red,40189.0
1970-01-01 00:04:21.632,red,40175.0
1970-01-01 00:04:21.648,red,40183.0
1970-01-01 00:04:21.665,red,40180.0
1970-01-01 00:04:21.681,red,40184.0
1970-01-01 00:04:21.709,red,40184.0
1970-01-01 00:04:21.729,red,40187.0
1970-01-01 00:04:21.749,red,40184.0
1970-01-01 00:04:21.769,red,40182.0
1970-01-01 00:04:21.785,red,40189.0
1970-01-01 00:04:21.801,red,40191.0
1970-01-01 00:04:21.828,red,40177.0
1970-01-01 00:04:21.848,red,40177.0
1970-01-01 00:04:21.860,red,40174.0
1970-01-01 00:04:21.880,red,40187.0
1970-01-01 00:04:21.900,red,40189.0
1970-01-01 00:04:21.933,red,40177.0
1970-01-01 00:04:21.949,red,40181.0
1970-01-01 00:04:21.965,red,40182.0
1970-01-01 00:04:21.988,red,40188.0
1970-01-01 00:04:21.999,red,40186.0
1970-01-01 00:04:22.019,red,40189.0
1970-01-01 00:04:22.039,red,40205.0
1970-01-01 00:04:22.058,red,40202.0
1970-01-01 00:04:22.109,red,40203.0
1970-01-01 00:04:22.125,red,40204.0
1970-01-01 00:04:22.167,red,40203.0
1970-01-01 00:04:22.211,red,40206.0
1970-01-01 00:04:22.227,red,40204.0
1970-01-01 00:04:22.549,red,40183.0
1970-01-01 00:04:22.710,red,40188.0
1970-01-01 00:04:22.974,red,40200.0
1970-01-01 00:04:22.992,red,40204.0
1970-01-01 00:04:23.009,red,40206.0
1970-01-01 00:04:23.064,red,40199.0
1970-01-01 00:04:23.084,red,40200.0
1970-01-01 00:04:23.125,red,40194.0
1970-01-01 00:04:23.161,red,40201.0
1970-01-01 00:04:23.182,red,40207.0
1970-01-01 00:04:23.227,red,40202.0
1970-01-01 00:04:23.247,red,40194.0
1970-01-01 00:04:23.267,red,40197.0
1970-01-01 00:04:23.286,red,40195.0
1970-01-01 00:04:23.303,red,40195.0
1970-01-01 00:04:23.321,red,40187.0
1970-01-01 00:04:23.346,red,40192.0
1970-01-01 00:04:23.378,red,40201.0
1970-01-01 00:04:23.398,red,40204.0
1970-01-01 00:04:23.418,red,40193.0
1970-01-01 00:04:23.434,red,40195.0
1970-01-01 00:04:23.451,red,40080.0
1970-01-01 00:04:23.469,red,40188.0
1970-01-01 00:04:23.490,red,40197.0
1970-01-01 00:04:23.510,red,40197.0
1970-01-01 00:04:23.520,red,40187.0
1970-01-01 00:04:23.540,red,40202.0
1970-01-01 00:04:23.560,red,40188.0
1970-01-01 00:04:23.594,red,40189.0
1970-01-01 00:04:23.620,red,40186.0
1970-01-01 00:04:23.624,red,40178.0
1970-01-01 00:04:23.644,red,40182.0
1970-01-01 00:04:23.673,red,40192.0
1970-01-01 00:04:23.693,red,40201.0
1970-01-01 00:04:23.713,red,40186.0
1970-01-01 00:04:23.734,red,40186.0
1970-01-01 00:04:23.752,red,40186.0
1970-01-01 00:04:23.770,red,40188.0
1970-01-01 00:04:23.782,red,40188.0
1970-01-01 00:04:23.802,red,40185.0
1970-01-01 00:04:23.840,red,40179.0
1970-01-01 00:04:23.860,red,40183.0
1970-01-01 00:04:23.878,red,40172.0
1970-01-01 00:04:23.895,red,40172.0
1970-01-01 00:04:23.914,red,40152.0
1970-01-01 00:04:23.932,red,40175.0
1970-01-01 00:04:23.942,red,40167.0
1970-01-01 00:04:23.962,red,40177.0
1970-01-01 00:04:23.982,red,40182.0
1970-01-01 00:04:24.002,red,40187.0
1970-01-01 00:04:24.028,red,40177.0
1970-01-01 00:04:24.045,red,40173.0
1970-01-01 00:04:24.062,red,40163.0
1970-01-01 00:04:24.095,red,40172.0
1970-01-01 00:04:24.111,red,40176.0
1970-01-01 00:04:24.131,red,40180.0
1970-01-01 00:04:24.151,red,40179.0
1970-01-01 00:04:24.168,red,40175.0
1970-01-01 00:04:24.184,red,40173.0
1970-01-01 00:04:24.215,red,40187.0
1970-01-01 00:04:24.231,red,40178.0
1970-01-01 00:04:24.252,red,40174.0
1970-01-01 00:04:24.272,red,40172.0
1970-01-01 00:04:24.285,red,40177.0
1970-01-01 00:04:24.325,red,40184.0
1970-01-01 00:04:24.343,red,40184.0
1970-01-01 00:04:24.362,red,40183.0
1970-01-01 00:04:24.386,red,40180.0
1970-01-01 00:04:24.406,red,40159.0
1970-01-01 00:04:24.426,red,40182.0
1970-01-01 00:04:24.446,red,40176.0
1970-01-01 00:04:24.472,red,40175.0
1970-01-01 00:04:24.490,red,40184.0
1970-01-01 00:04:24.506,red,40178.0
1970-01-01 00:04:24.522,red,40188.0
1970-01-01 00:04:24.542,red,40188.0
1970-01-01 00:04:24.570,red,40185.0
1970-01-01 00:04:24.592,red,40179.0
1970-01-01 00:04:24.612,red,40178.0
1970-01-01 00:04:24.621,red,40172.0
1970-01-01 00:04:24.641,red,40178.0
1970-01-01 00:04:24.672,red,40170.0
1970-01-01 00:04:24.688,red,40175.0
1970-01-01 00:04:24.713,red,40182.0
1970-01-01 00:04:24.733,red,40173.0
1970-01-01 00:04:24.755,red,40184.0
1970-01-01 00:04:24.775,red,40175.0
1970-01-01 00:04:24.792,red,40175.0
1970-01-01 00:04:24.807,red,40176.0
1970-01-01 00:04:24.823,red,40184.0
1970-01-01 00:04:24.843,red,40170.0
1970-01-01 00:04:24.843,red,40170.0
1970-01-01 00:04:24.863,red,40186.0
1970-01-01 00:04:24.863,red,40186.0
1970-01-01 00:04:24.883,red,40179.0
1970-01-01 00:04:24.883,red,40179.0
1970-01-01 00:04:24.908,red,40173.0
1970-01-01 00:04:24.924,red,40169.0
1970-01-01 00:04:24.955,red,40179.0
1970-01-01 00:04:24.971,red,40187.0
1970-01-01 00:04:24.980,red,40177.0
1970-01-01 00:04:25.000,red,40169.0
1970-01-01 00:04:25.022,red,40168.0
1970-01-01 00:04:25.042,red,40179.0
1970-01-01 00:04:25.062,red,40190.0
1970-01-01 00:04:25.097,red,40186.0
1970-01-01 00:04:25.113,red,40188.0
1970-01-01 00:04:25.129,red,40181.0
1970-01-01 00:04:25.143,red,40179.0
1970-01-01 00:04:25.163,red,40181.0
1970-01-01 00:04:25.183,red,40165.0
1970-01-01 00:04:25.217,red,40172.0
1970-01-01 00:04:25.233,red,40178.0
1970-01-01 00:04:25.249,red,40165.0
1970-01-01 00:04:25.265,red,40161.0
1970-01-01 00:04:25.285,red,40167.0
1970-01-01 00:04:25.312,red,40166.0
1970-01-01 00:04:25.339,red,40164.0
1970-01-01 00:04:25.352,red,40159.0
1970-01-01 00:04:25.372,red,40173.0
1970-01-01 00:04:25.395,red,40156.0
1970-01-01 00:04:25.411,red,40157.0
1970-01-01 00:04:25.429,red,40140.0
1970-01-01 00:04:25.455,red,40155.0
1970-01-01 00:04:25.475,red,40149.0
1970-01-01 00:04:25.495,red,40156.0
1970-01-01 00:04:25.515,red,40147.0
1970-01-01 00:04:25.531,red,40151.0
1970-01-01 00:04:25.547,red,40140.0
1970-01-01 00:04:25.563,red,40156.0
1970-01-01 00:04:25.587,red,40150.0
1970-01-01 00:04:25.607,red,40161.0
1970-01-01 00:04:25.642,red,40144.0
1970-01-01 00:04:25.662,red,40148.0
1970-01-01 00:04:25.670,red,40147.0
1970-01-01 00:04:25.690,red,40160.0
1970-01-01 00:04:25.706,red,40161.0
1970-01-01 00:04:25.722,red,40155.0
1970-01-01 00:04:25.753,red,40152.0
1970-01-01 00:04:25.773,red,40142.0
1970-01-01 00:04:25.790,red,40143.0
1970-01-01 00:04:25.810,red,40141.0
1970-01-01 00:04:25.827,red,40132.0
1970-01-01 00:04:25.843,red,40136.0
1970-01-01 00:04:25.874,red,40136.0
1970-01-01 00:04:25.888,red,40126.0
1970-01-01 00:04:25.908,red,40127.0
1970-01-01 00:04:25.939,red,40139.0
1970-01-01 00:04:25.959,red,40134.0
1970-01-01 00:04:25.979,red,40140.0
1970-01-01 00:04:25.995,red,40129.0
1970-01-01 00:04:26.011,red,40120.0
1970-01-01 00:04:26.027,red,40129.0
1970-01-01 00:04:26.054,red,40117.0
1970-01-01 00:04:26.074,red,40137.0
1970-01-01 00:04:26.096,red,40127.0
1970-01-01 00:04:26.116,red,40132.0
1970-01-01 00:04:26.133,red,40128.0
1970-01-01 00:04:26.149,red,40139.0
1970-01-01 00:04:26.165,red,40142.0
1970-01-01 00:04:26.185,red,40131.0
1970-01-01 00:04:26.204,red,40140.0
1970-01-01 00:04:26.224,red,40126.0
1970-01-01 00:04:26.244,red,40131.0
1970-01-01 00:04:26.266,red,40146.0
1970-01-01 00:04:26.285,red,40159.0
1970-01-01 00:04:26.306,red,40146.0
1970-01-01 00:04:26.325,red,40151.0
1970-01-01 00:04:26.346,red,40154.0
1970-01-01 00:04:26.366,red,40173.0
1970-01-01 00:04:26.386,red,40174.0
1970-01-01 00:04:26.417,red,40178.0
1970-01-01 00:04:26.435,red,40179.0
1970-01-01 00:04:26.452,red,40179.0
1970-01-01 00:04:26.469,red,40185.0
1970-01-01 00:04:26.503,red,40195.0
1970-01-01 00:04:26.523,red,40201.0
1970-01-01 00:04:26.550,red,40204.0
1970-01-01 00:02:47.306,red,41267.0
1970-01-01 00:02:47.837,red,41198.0
1970-01-01 00:02:48.051,red,41201.0
1970-01-01 00:02:48.064,red,41206.0
1970-01-01 00:02:48.131,red,41206.0
1970-01-01 00:02:48.151,red,41198.0
1970-01-01 00:02:48.246,red,41205.0
1970-01-01 00:02:48.311,red,41201.0
1970-01-01 00:02:48.427,red,41227.0
1970-01-01 00:02:48.551,red,41201.0
1970-01-01 00:02:48.650,red,41199.0
1970-01-01 00:02:48.676,red,41198.0
1970-01-01 00:02:48.685,red,41200.0
1970-01-01 00:02:48.743,red,41206.0
1970-01-01 00:02:48.763,red,41198.0
1970-01-01 00:02:48.777,red,41203.0
1970-01-01 00:02:48.790,red,41199.0
1970-01-01 00:02:48.873,red,41204.0
1970-01-01 00:02:48.902,red,41209.0
1970-01-01 00:02:48.907,red,41201.0
1970-01-01 00:02:49.545,red,41205.0
1970-01-01 00:02:49.605,red,41198.0
1970-01-01 00:02:49.692,red,41198.0
1970-01-01 00:02:49.802,red,41206.0
1970-01-01 00:02:50.581,red,41281.0
1970-01-01 00:02:50.643,red,41201.0
1970-01-01 00:02:50.683,red,41203.0
1970-01-01 00:04:17.426,ir,99076.0
1970-01-01 00:04:17.444,ir,99091.0
1970-01-01 00:04:17.461,ir,99106.0
1970-01-01 00:04:17.480,ir,99103.0
1970-01-01 00:04:17.504,ir,99090.0
1970-01-01 00:04:17.524,ir,99113.0
1970-01-01 00:04:17.553,ir,99103.0
1970-01-01 00:04:17.573,ir,99120.0
1970-01-01 00:04:17.589,ir,99112.0
1970-01-01 00:04:17.609,ir,99177.0
1970-01-01 00:04:17.629,ir,99099.0
1970-01-01 00:04:17.641,ir,99126.0
1970-01-01 00:04:17.661,ir,99107.0
1970-01-01 00:04:17.676,ir,99088.0
1970-01-01 00:04:17.696,ir,99090.0
1970-01-01 00:04:17.716,ir,99109.0
1970-01-01 00:04:17.748,ir,99113.0
1970-01-01 00:04:17.764,ir,99122.0
1970-01-01 00:04:17.780,ir,99106.0
1970-01-01 00:04:17.795,ir,99107.0
1970-01-01 00:04:17.815,ir,99107.0
1970-01-01 00:04:17.835,ir,99115.0
1970-01-01 00:04:17.857,ir,99102.0
1970-01-01 00:04:17.879,ir,99106.0
1970-01-01 00:04:17.896,ir,99100.0
1970-01-01 00:04:17.932,ir,99099.0
1970-01-01 00:04:17.937,ir,99093.0
1970-01-01 00:04:17.957,ir,99090.0
1970-01-01 00:04:17.983,ir,99104.0
1970-01-01 00:04:18.003,ir,99076.0
1970-01-01 00:04:18.023,ir,99075.0
1970-01-01 00:04:18.040,ir,99086.0
1970-01-01 00:04:18.056,ir,99090.0
1970-01-01 00:04:18.075,ir,99088.0
1970-01-01 00:04:18.095,ir,99093.0
1970-01-01 00:04:18.112,ir,99097.0
1970-01-01 00:04:18.132,ir,99102.0
1970-01-01 00:04:18.152,ir,99083.0
1970-01-01 00:04:18.188,ir,99093.0
1970-01-01 00:04:18.204,ir,99083.0
1970-01-01 00:04:18.220,ir,99092.0
1970-01-01 00:04:18.245,ir,99090.0
1970-01-01 00:04:18.265,ir,99092.0
1970-01-01 00:04:18.291,ir,99087.0
1970-01-01 00:04:18.311,ir,99109.0
1970-01-01 00:04:18.327,ir,99104.0
1970-01-01 00:04:18.343,ir,99099.0
1970-01-01 00:04:18.359,ir,99119.0
1970-01-01 00:04:18.375,ir,99128.0
1970-01-01 00:04:18.395,ir,99134.0
1970-01-01 00:04:18.421,ir,99131.0
1970-01-01 00:04:18.441,ir,99151.0
1970-01-01 00:04:18.469,ir,99156.0
1970-01-01 00:04:18.478,ir,99161.0
1970-01-01 00:04:18.498,ir,99177.0
1970-01-01 00:04:18.524,ir,99170.0
1970-01-01 00:04:18.548,ir,99171.0
1970-01-01 00:04:18.570,ir,99178.0
1970-01-01 00:04:18.586,ir,99172.0
1970-01-01 00:04:18.605,ir,99184.0
1970-01-01 00:04:18.629,ir,99173.0
1970-01-01 00:04:18.645,ir,99189.0
1970-01-01 00:04:18.661,ir,99192.0
1970-01-01 00:04:18.677,ir,99178.0
1970-01-01 00:04:18.696,ir,99193.0
1970-01-01 00:04:18.716,ir,99190.0
1970-01-01 00:04:18.751,ir,99191.0
1970-01-01 00:04:18.767,ir,99186.0
1970-01-01 00:04:18.787,ir,99196.0
1970-01-01 00:04:18.807,ir,99178.0
1970-01-01 00:04:18.823,ir,99153.0
1970-01-01 00:04:18.842,ir,99142.0
1970-01-01 00:04:18.862,ir,99133.0
1970-01-01 00:04:18.893,ir,99135.0
1970-01-01 00:04:18.913,ir,99133.0
1970-01-01 00:04:18.929,ir,99121.0
1970-01-01 00:04:18.945,ir,99132.0
1970-01-01 00:04:18.961,ir,99136.0
1970-01-01 00:04:18.984,ir,99126.0
1970-01-01 00:04:19.002,ir,99144.0
1970-01-01 00:04:19.022,ir,99120.0
1970-01-01 00:04:19.042,ir,99111.0
1970-01-01 00:04:19.065,ir,99123.0
1970-01-01 00:04:19.081,ir,99126.0
1970-01-01 00:04:19.097,ir,99108.0
1970-01-01 00:04:19.128,ir,99112.0
1970-01-01 00:04:19.133,ir,99118.0
1970-01-01 00:04:19.153,ir,99098.0
1970-01-01 00:04:19.173,ir,99107.0
1970-01-01 00:04:19.200,ir,99094.0
1970-01-01 00:04:19.220,ir,99115.0
1970-01-01 00:04:19.237,ir,99105.0
1970-01-01 00:04:19.272,ir,99119.0
1970-01-01 00:04:19.276,ir,99129.0
1970-01-01 00:04:19.296,ir,99110.0
1970-01-01 00:04:19.316,ir,99117.0
1970-01-01 00:04:19.336,ir,99110.0
1970-01-01 00:04:19.362,ir,99099.0
1970-01-01 00:04:19.379,ir,99103.0
1970-01-01 00:04:19.410,ir,99090.0
1970-01-01 00:04:19.426,ir,99089.0
1970-01-01 00:04:19.443,ir,99097.0
1970-01-01 00:04:19.463,ir,99097.0
1970-01-01 00:04:19.483,ir,99104.0
1970-01-01 00:04:19.509,ir,99092.0
1970-01-01 00:04:19.517,ir,99101.0
1970-01-01 00:04:19.537,ir,99113.0
1970-01-01 00:04:19.572,ir,99086.0
1970-01-01 00:04:19.575,ir,99087.0
1970-01-01 00:04:19.595,ir,99079.0
1970-01-01 00:04:19.615,ir,99074.0
1970-01-01 00:04:19.649,ir,99070.0
1970-01-01 00:04:19.669,ir,99065.0
1970-01-01 00:04:19.689,ir,99058.0
1970-01-01 00:04:19.707,ir,99054.0
1970-01-01 00:04:19.724,ir,99050.0
1970-01-01 00:04:19.749,ir,99055.0
1970-01-01 00:04:19.769,ir,99046.0
1970-01-01 00:04:19.782,ir,99051.0
1970-01-01 00:04:19.802,ir,99062.0
1970-01-01 00:04:19.828,ir,99052.0
1970-01-01 00:04:19.850,ir,99056.0
1970-01-01 00:04:19.867,ir,99040.0
1970-01-01 00:04:19.872,ir,99038.0
1970-01-01 00:04:19.892,ir,99041.0
1970-01-01 00:04:19.934,ir,99033.0
1970-01-01 00:04:19.954,ir,99042.0
1970-01-01 00:04:19.970,ir,99041.0
1970-01-01 00:04:19.986,ir,99033.0
1970-01-01 00:04:20.002,ir,99010.0
1970-01-01 00:04:20.018,ir,99008.0
1970-01-01 00:04:20.038,ir,99018.0
1970-01-01 00:04:20.058,ir,98995.0
1970-01-01 00:04:20.078,ir,98985.0
1970-01-01 00:04:20.110,ir,98996.0
1970-01-01 00:04:20.126,ir,98995.0
1970-01-01 00:04:20.142,ir,98998.0
1970-01-01 00:04:20.160,ir,99006.0
1970-01-01 00:04:20.173,ir,99002.0
1970-01-01 00:04:20.193,ir,99013.0
1970-01-01 00:04:20.213,ir,99022.0
1970-01-01 00:04:20.233,ir,99020.0
1970-01-01 00:04:20.264,ir,99009.0
1970-01-01 00:04:20.280,ir,99002.0
1970-01-01 00:04:20.311,ir,99006.0
1970-01-01 00:04:20.327,ir,98959.0
1970-01-01 00:04:20.349,ir,99004.0
1970-01-01 00:04:20.370,ir,99016.0
1970-01-01 00:04:20.390,ir,98998.0
1970-01-01 00:04:20.415,ir,98993.0
1970-01-01 00:04:20.435,ir,99001.0
1970-01-01 00:04:20.451,ir,99004.0
1970-01-01 00:04:20.467,ir,99097.0
1970-01-01 00:04:20.489,ir,98999.0
1970-01-01 00:04:20.505,ir,99029.0
1970-01-01 00:04:20.525,ir,99030.0
1970-01-01 00:04:20.547,ir,99040.0
1970-01-01 00:04:20.567,ir,99049.0
1970-01-01 00:04:20.583,ir,99050.0
1970-01-01 00:04:20.601,ir,99058.0
1970-01-01 00:04:20.622,ir,99050.0
1970-01-01 00:04:20.655,ir,99065.0
1970-01-01 00:04:20.669,ir,99057.0
1970-01-01 00:04:20.689,ir,99053.0
1970-01-01 00:04:20.709,ir,99063.0
1970-01-01 00:04:20.726,ir,99057.0
1970-01-01 00:04:20.745,ir,99042.0
1970-01-01 00:04:20.764,ir,99030.0
1970-01-01 00:04:20.781,ir,99065.0
1970-01-01 00:04:20.811,ir,99060.0
1970-01-01 00:04:20.811,ir,99060.0
1970-01-01 00:04:20.831,ir,99081.0
1970-01-01 00:04:20.831,ir,99081.0
1970-01-01 00:04:20.851,ir,99111.0
1970-01-01 00:04:20.851,ir,99111.0
1970-01-01 00:04:20.875,ir,99123.0
1970-01-01 00:04:20.891,ir,99153.0
1970-01-01 00:04:20.907,ir,99148.0
1970-01-01 00:04:20.923,ir,99155.0
1970-01-01 00:04:20.953,ir,99160.0
1970-01-01 00:04:20.969,ir,99158.0
1970-01-01 00:04:20.989,ir,99157.0
1970-01-01 00:04:21.009,ir,99162.0
1970-01-01 00:04:21.027,ir,99185.0
1970-01-01 00:04:21.043,ir,99171.0
1970-01-01 00:04:21.062,ir,99175.0
1970-01-01 00:04:21.078,ir,99190.0
1970-01-01 00:04:21.107,ir,99195.0
1970-01-01 00:04:21.120,ir,99201.0
1970-01-01 00:04:21.140,ir,99204.0
1970-01-01 00:04:21.162,ir,99216.0
1970-01-01 00:04:21.193,ir,99213.0
1970-01-01 00:04:21.210,ir,99191.0
1970-01-01 00:04:21.232,ir,99199.0
1970-01-01 00:04:21.240,ir,99193.0
1970-01-01 00:04:21.260,ir,99199.0
1970-01-01 00:04:21.280,ir,99163.0
1970-01-01 00:04:21.313,ir,99136.0
1970-01-01 00:04:21.329,ir,99145.0
1970-01-01 00:04:21.345,ir,99133.0
1970-01-01 00:04:21.361,ir,99129.0
1970-01-01 00:04:21.380,ir,99127.0
1970-01-01 00:04:21.400,ir,99099.0
1970-01-01 00:04:21.424,ir,99140.0
1970-01-01 00:04:21.444,ir,99108.0
1970-01-01 00:04:21.464,ir,99116.0
1970-01-01 00:04:21.484,ir,99118.0
1970-01-01 00:04:21.500,ir,99118.0
1970-01-01 00:04:21.521,ir,99097.0
1970-01-01 00:04:21.541,ir,99098.0
1970-01-01 00:04:21.572,ir,99083.0
1970-01-01 00:04:21.592,ir,99091.0
1970-01-01 00:04:21.612,ir,99083.0
1970-01-01 00:04:21.632,ir,99080.0
1970-01-01 00:04:21.648,ir,99082.0
1970-01-01 00:04:21.665,ir,99079.0
1970-01-01 00:04:21.681,ir,99096.0
1970-01-01 00:04:21.709,ir,99089.0
1970-01-01 00:04:21.729,ir,99071.0
1970-01-01 00:04:21.749,ir,99076.0
1970-01-01 00:04:21.769,ir,99076.0
1970-01-01 00:04:21.785,ir,99081.0
1970-01-01 00:04:21.801,ir,99078.0
1970-01-01 00:04:21.828,ir,99080.0
1970-01-01 00:04:21.848,ir,99092.0
1970-01-01 00:04:21.860,ir,99086.0
1970-01-01 00:04:21.880,ir,99078.0
1970-01-01 00:04:21.900,ir,99074.0
1970-01-01 00:04:21.933,ir,99076.0
1970-01-01 00:04:21.949,ir,99122.0
1970-01-01 00:04:21.965,ir,99074.0
1970-01-01 00:04:21.988,ir,99089.0
1970-01-01 00:04:21.999,ir,99102.0
1970-01-01 00:04:22.019,ir,99116.0
1970-01-01 00:04:22.039,ir,99114.0
1970-01-01 00:04:22.058,ir,99139.0
1970-01-01 00:04:22.078,ir,99156.0
1970-01-01 00:04:22.109,ir,99166.0
1970-01-01 00:04:22.125,ir,99173.0
1970-01-01 00:04:22.147,ir,99172.0
1970-01-01 00:04:22.167,ir,99184.0
1970-01-01 00:04:22.187,ir,99187.0
1970-01-01 00:04:22.211,ir,99182.0
1970-01-01 00:04:22.227,ir,99191.0
1970-01-01 00:04:22.243,ir,99210.0
1970-01-01 00:04:22.259,ir,99208.0
1970-01-01 00:04:22.285,ir,99182.0
1970-01-01 00:04:22.305,ir,99190.0
1970-01-01 00:04:22.320,ir,99184.0
1970-01-01 00:04:22.340,ir,99175.0
1970-01-01 00:04:22.360,ir,99197.0
1970-01-01 00:04:22.393,ir,99191.0
1970-01-01 00:04:22.409,ir,99159.0
1970-01-01 00:04:22.425,ir,99196.0
1970-01-01 00:04:22.456,ir,99199.0
1970-01-01 00:04:22.476,ir,99204.0
1970-01-01 00:04:22.496,ir,99207.0
1970-01-01 00:04:22.517,ir,99194.0
1970-01-01 00:04:22.533,ir,99205.0
1970-01-01 00:04:22.549,ir,99215.0
1970-01-01 00:04:22.565,ir,99208.0
1970-01-01 00:04:22.581,ir,99205.0
1970-01-01 00:04:22.612,ir,99192.0
1970-01-01 00:04:22.632,ir,99205.0
1970-01-01 00:04:22.658,ir,99191.0
1970-01-01 00:04:22.678,ir,99205.0
1970-01-01 00:04:22.694,ir,99203.0
1970-01-01 00:04:22.710,ir,99165.0
1970-01-01 00:04:22.726,ir,99185.0
1970-01-01 00:04:22.749,ir,99202.0
1970-01-01 00:04:22.749,ir,99202.0
1970-01-01 00:04:22.769,ir,99210.0
1970-01-01 00:04:22.769,ir,99210.0
1970-01-01 00:04:22.789,ir,99206.0
1970-01-01 00:04:22.789,ir,99206.0
1970-01-01 00:04:22.811,ir,99194.0
1970-01-01 00:04:22.832,ir,99202.0
1970-01-01 00:04:22.849,ir,99193.0
1970-01-01 00:04:22.867,ir,99200.0
1970-01-01 00:04:22.890,ir,99192.0
1970-01-01 00:04:22.910,ir,99205.0
1970-01-01 00:04:22.937,ir,99192.0
1970-01-01 00:04:22.957,ir,99196.0
1970-01-01 00:04:22.974,ir,99191.0
1970-01-01 00:04:22.992,ir,99158.0
1970-01-01 00:04:23.009,ir,99198.0
1970-01-01 00:04:23.027,ir,99189.0
1970-01-01 00:04:23.044,ir,99189.0
1970-01-01 00:04:23.064,ir,99194.0
1970-01-01 00:04:23.084,ir,99181.0
1970-01-01 00:04:23.104,ir,99187.0
1970-01-01 00:04:23.125,ir,99201.0
1970-01-01 00:04:23.143,ir,99172.0
1970-01-01 00:04:23.161,ir,99173.0
1970-01-01 00:04:23.182,ir,99180.0
1970-01-01 00:04:23.202,ir,99170.0
1970-01-01 00:04:23.227,ir,99162.0
1970-01-01 00:04:23.247,ir,99163.0
1970-01-01 00:04:23.267,ir,99170.0
1970-01-01 00:04:23.286,ir,99155.0
1970-01-01 00:04:23.303,ir,99162.0
1970-01-01 00:04:23.321,ir,99147.0
1970-01-01 00:04:23.346,ir,99170.0
1970-01-01 00:04:23.378,ir,99157.0
1970-01-01 00:04:23.398,ir,99171.0
1970-01-01 00:04:23.418,ir,99150.0
1970-01-01 00:04:23.434,ir,99155.0
1970-01-01 00:04:23.451,ir,99165.0
1970-01-01 00:04:23.469,ir,99162.0
1970-01-01 00:04:23.490,ir,99152.0
1970-01-01 00:04:23.510,ir,99152.0
1970-01-01 00:04:23.520,ir,99148.0
1970-01-01 00:04:23.540,ir,99156.0
1970-01-01 00:04:23.560,ir,99174.0
1970-01-01 00:04:23.594,ir,99155.0
1970-01-01 00:04:23.620,ir,99168.0
1970-01-01 00:04:23.624,ir,99160.0
1970-01-01 00:04:23.644,ir,99135.0
1970-01-01 00:04:23.673,ir,99158.0
1970-01-01 00:04:23.693,ir,99154.0
1970-01-01 00:04:23.713,ir,99141.0
1970-01-01 00:04:23.734,ir,99136.0
1970-01-01 00:04:23.752,ir,99140.0
1970-01-01 00:04:23.770,ir,99149.0
1970-01-01 00:04:23.782,ir,99134.0
1970-01-01 00:04:23.802,ir,99122.0
1970-01-01 00:04:23.840,ir,99132.0
1970-01-01 00:04:23.860,ir,99130.0
1970-01-01 00:04:23.878,ir,99118.0
1970-01-01 00:04:23.895,ir,99091.0
1970-01-01 00:04:23.914,ir,99143.0
1970-01-01 00:04:23.932,ir,99117.0
1970-01-01 00:04:23.942,ir,99122.0
1970-01-01 00:04:23.962,ir,99131.0
1970-01-01 00:04:23.982,ir,99106.0
1970-01-01 00:04:24.002,ir,99129.0
1970-01-01 00:04:24.028,ir,99123.0
1970-01-01 00:04:24.045,ir,99119.0
1970-01-01 00:04:24.062,ir,99122.0
1970-01-01 00:04:24.095,ir,99125.0
1970-01-01 00:04:24.111,ir,99154.0
1970-01-01 00:04:24.131,ir,99136.0
1970-01-01 00:04:24.151,ir,99118.0
1970-01-01 00:04:24.168,ir,99141.0
1970-01-01 00:04:24.184,ir,99159.0
1970-01-01 00:04:24.215,ir,99140.0
1970-01-01 00:04:24.231,ir,99117.0
1970-01-01 00:04:24.252,ir,99131.0
1970-01-01 00:04:24.272,ir,99128.0
1970-01-01 00:04:24.285,ir,99137.0
1970-01-01 00:04:24.305,ir,99159.0
1970-01-01 00:04:24.325,ir,99150.0
1970-01-01 00:04:24.343,ir,99147.0
1970-01-01 00:04:24.362,ir,99152.0
1970-01-01 00:04:24.386,ir,99166.0
1970-01-01 00:04:24.406,ir,99164.0
1970-01-01 00:04:24.426,ir,99156.0
1970-01-01 00:04:24.446,ir,99178.0
1970-01-01 00:04:24.472,ir,99155.0
1970-01-01 00:04:24.490,ir,99165.0
1970-01-01 00:04:24.506,ir,99160.0
1970-01-01 00:04:24.522,ir,99149.0
1970-01-01 00:04:24.542,ir,99149.0
1970-01-01 00:04:24.570,ir,99152.0
1970-01-01 00:04:24.592,ir,99128.0
1970-01-01 00:04:24.612,ir,99142.0
1970-01-01 00:04:24.621,ir,99159.0
1970-01-01 00:04:24.641,ir,99144.0
1970-01-01 00:04:24.672,ir,99143.0
1970-01-01 00:04:24.688,ir,99142.0
1970-01-01 00:04:24.713,ir,99152.0
1970-01-01 00:04:24.733,ir,99156.0
1970-01-01 00:04:24.755,ir,99148.0
1970-01-01 00:04:24.775,ir,99156.0
1970-01-01 00:04:24.792,ir,99154.0
1970-01-01 00:04:24.807,ir,99167.0
1970-01-01 00:04:24.823,ir,99170.0
1970-01-01 00:04:24.843,ir,99158.0
1970-01-01 00:04:24.843,ir,99158.0
1970-01-01 00:04:24.863,ir,99170.0
1970-01-01 00:04:24.863,ir,99170.0
1970-01-01 00:04:24.883,ir,99162.0
1970-01-01 00:04:24.883,ir,99162.0
1970-01-01 00:04:24.908,ir,99161.0
1970-01-01 00:04:24.924,ir,99181.0
1970-01-01 00:04:24.955,ir,99179.0
1970-01-01 00:04:24.971,ir,99195.0
1970-01-01 00:04:24.980,ir,99178.0
1970-01-01 00:04:25.000,ir,99167.0
1970-01-01 00:04:25.022,ir,99153.0
1970-01-01 00:04:25.042,ir,99177.0
1970-01-01 00:04:25.062,ir,99176.0
1970-01-01 00:04:25.097,ir,99197.0
1970-01-01 00:04:25.113,ir,99173.0
1970-01-01 00:04:25.129,ir,99180.0
1970-01-01 00:04:25.143,ir,99183.0
1970-01-01 00:04:25.163,ir,99179.0
1970-01-01 00:04:25.183,ir,99174.0
1970-01-01 00:04:25.217,ir,99148.0
1970-01-01 00:04:25.233,ir,99164.0
1970-01-01 00:04:25.249,ir,99158.0
1970-01-01 00:04:25.265,ir,99152.0
1970-01-01 00:04:25.285,ir,99155.0
1970-01-01 00:04:25.312,ir,99156.0
1970-01-01 00:04:25.339,ir,99150.0
1970-01-01 00:04:25.352,ir,99152.0
1970-01-01 00:04:25.372,ir,99156.0
1970-01-01 00:04:25.395,ir,99124.0
1970-01-01 00:04:25.411,ir,99129.0
1970-01-01 00:04:25.429,ir,99122.0
1970-01-01 00:04:25.455,ir,99114.0
1970-01-01 00:04:25.475,ir,99123.0
1970-01-01 00:04:25.495,ir,99129.0
1970-01-01 00:04:25.515,ir,99116.0
1970-01-01 00:04:25.531,ir,99112.0
1970-01-01 00:04:25.547,ir,99099.0
1970-01-01 00:04:25.563,ir,99113.0
1970-01-01 00:04:25.587,ir,99090.0
1970-01-01 00:04:25.607,ir,99110.0
1970-01-01 00:04:25.642,ir,99101.0
1970-01-01 00:04:25.662,ir,99103.0
1970-01-01 00:04:25.670,ir,99111.0
1970-01-01 00:04:25.690,ir,99104.0
1970-01-01 00:04:25.706,ir,99112.0
1970-01-01 00:04:25.722,ir,99101.0
1970-01-01 00:04:25.753,ir,99092.0
1970-01-01 00:04:25.773,ir,99101.0
1970-01-01 00:04:25.790,ir,99105.0
1970-01-01 00:04:25.810,ir,99090.0
1970-01-01 00:04:25.827,ir,99101.0
1970-01-01 00:04:25.843,ir,99085.0
1970-01-01 00:04:25.874,ir,99081.0
1970-01-01 00:04:25.888,ir,99087.0
1970-01-01 00:04:25.908,ir,99077.0
1970-01-01 00:04:25.939,ir,99088.0
1970-01-01 00:04:25.959,ir,99088.0
1970-01-01 00:04:25.979,ir,99084.0
1970-01-01 00:04:25.995,ir,99067.0
1970-01-01 00:04:26.011,ir,99074.0
1970-01-01 00:04:26.027,ir,99082.0
1970-01-01 00:04:26.054,ir,99082.0
1970-01-01 00:04:26.074,ir,99078.0
1970-01-01 00:04:26.096,ir,99099.0
1970-01-01 00:04:26.116,ir,99091.0
1970-01-01 00:04:26.133,ir,99105.0
1970-01-01 00:04:26.149,ir,99098.0
1970-01-01 00:04:26.165,ir,99074.0
1970-01-01 00:04:26.185,ir,99061.0
1970-01-01 00:04:26.204,ir,99063.0
1970-01-01 00:04:26.224,ir,99070.0
1970-01-01 00:04:26.244,ir,99093.0
1970-01-01 00:04:26.266,ir,99096.0
1970-01-01 00:04:26.285,ir,99111.0
1970-01-01 00:04:26.306,ir,99099.0
1970-01-01 00:04:26.325,ir,99113.0
1970-01-01 00:04:26.346,ir,99119.0
1970-01-01 00:04:26.366,ir,99131.0
1970-01-01 00:04:26.386,ir,99147.0
1970-01-01 00:04:26.417,ir,99164.0
1970-01-01 00:04:26.435,ir,99195.0
1970-01-01 00:04:26.452,ir,99192.0
1970-01-01 00:04:26.469,ir,99206.0
1970-01-01 00:04:26.498,ir,99199.0
1970-01-01 00:04:26.503,ir,99236.0
1970-01-01 00:04:26.523,ir,99252.0
1970-01-01 00:04:26.550,ir,99245.0
1970-01-01 00:04:26.570,ir,99292.0
1970-01-01 00:04:26.589,ir,99325.0
1970-01-01 00:04:26.610,ir,99325.0
1970-01-01 00:04:26.635,ir,99362.0
1970-01-01 00:04:26.656,ir,99374.0
1970-01-01 00:04:26.676,ir,99400.0
1970-01-01 00:04:26.684,ir,99439.0
1970-01-01 00:04:26.704,ir,99440.0
1970-01-01 00:04:26.768,ir,99526.0
1970-01-01 00:04:26.797,ir,99544.0
1970-01-01 00:04:26.818,ir,99568.0
1970-01-01 00:04:26.838,ir,99602.0
1970-01-01 00:04:26.858,ir,99659.0
1970-01-01 00:04:26.896,ir,99717.0
1970-01-01 00:04:27.355,ir,99717.0
1970-01-01 00:04:06.322,ir,99677.0
1970-01-01 00:04:06.346,ir,99681.0
1970-01-01 00:04:06.368,ir,99675.0
1970-01-01 00:04:06.384,ir,99656.0
1970-01-01 00:04:06.404,ir,99631.0
1970-01-01 00:04:06.424,ir,99662.0
1970-01-01 00:04:06.444,ir,99614.0
1970-01-01 00:04:06.471,ir,99627.0
1970-01-01 00:04:06.490,ir,99623.0
1970-01-01 00:04:06.506,ir,99597.0
1970-01-01 00:04:06.524,ir,99589.0
1970-01-01 00:04:06.544,ir,99633.0
1970-01-01 00:04:06.566,ir,99572.0
1970-01-01 00:04:06.586,ir,99575.0
1970-01-01 00:04:06.606,ir,99568.0
1970-01-01 00:04:06.633,ir,99552.0
1970-01-01 00:04:06.649,ir,99558.0
1970-01-01 00:04:06.665,ir,99557.0
1970-01-01 00:04:06.686,ir,99548.0
1970-01-01 00:04:06.716,ir,99553.0
1970-01-01 00:04:06.725,ir,99531.0
1970-01-01 00:04:06.745,ir,99542.0
1970-01-01 00:04:06.767,ir,99518.0
1970-01-01 00:04:06.793,ir,99520.0
1970-01-01 00:04:06.809,ir,99525.0
1970-01-01 00:04:06.828,ir,99503.0
1970-01-01 00:04:06.946,ir,99448.0
1970-01-01 00:04:07.002,ir,99438.0
1970-01-01 00:04:07.022,ir,99438.0
1970-01-01 00:04:07.042,ir,99425.0
1970-01-01 00:04:07.047,ir,99425.0
1970-01-01 00:04:07.067,ir,99418.0
1970-01-01 00:04:07.084,ir,99420.0
1970-01-01 00:04:07.115,ir,99416.0
1970-01-01 00:04:07.138,ir,99414.0
1970-01-01 00:04:07.160,ir,99403.0
1970-01-01 00:04:07.180,ir,99410.0
1970-01-01 00:04:07.200,ir,99398.0
1970-01-01 00:04:07.218,ir,99392.0
1970-01-01 00:04:07.237,ir,99374.0
1970-01-01 00:04:07.253,ir,99382.0
1970-01-01 00:04:07.269,ir,99363.0
1970-01-01 00:04:07.297,ir,99359.0
1970-01-01 00:04:07.323,ir,99350.0
1970-01-01 00:04:07.343,ir,99335.0
1970-01-01 00:04:07.363,ir,99340.0
1970-01-01 00:04:07.379,ir,99313.0
1970-01-01 00:04:07.397,ir,99385.0
1970-01-01 00:04:07.415,ir,99315.0
1970-01-01 00:04:07.440,ir,99298.0
1970-01-01 00:04:07.448,ir,99298.0
1970-01-01 00:04:07.468,ir,99303.0
1970-01-01 00:04:07.488,ir,99299.0
1970-01-01 00:04:07.508,ir,99285.0
1970-01-01 00:04:07.532,ir,99279.0
1970-01-01 00:04:07.548,ir,99282.0
1970-01-01 00:04:07.564,ir,99293.0
1970-01-01 00:04:07.585,ir,99285.0
1970-01-01 00:04:07.605,ir,99271.0
1970-01-01 00:04:07.625,ir,99275.0
1970-01-01 00:04:07.645,ir,99303.0
1970-01-01 00:04:07.673,ir,99298.0
1970-01-01 00:04:07.689,ir,99325.0
1970-01-01 00:04:07.705,ir,99327.0
1970-01-01 00:04:07.728,ir,99327.0
1970-01-01 00:04:07.748,ir,99321.0
1970-01-01 00:04:07.777,ir,99336.0
1970-01-01 00:04:07.797,ir,99341.0
1970-01-01 00:04:07.808,ir,99364.0
1970-01-01 00:04:07.828,ir,99351.0
1970-01-01 00:04:07.859,ir,99384.0
1970-01-01 00:04:07.875,ir,99395.0
1970-01-01 00:04:07.889,ir,99420.0
1970-01-01 00:04:07.909,ir,99448.0
1970-01-01 00:04:08.035,ir,99433.0
1970-01-01 00:04:08.071,ir,99442.0
1970-01-01 00:04:08.098,ir,99433.0
1970-01-01 00:04:08.118,ir,99418.0
1970-01-01 00:04:08.139,ir,99397.0
1970-01-01 00:04:08.155,ir,99387.0
1970-01-01 00:04:08.171,ir,99364.0
1970-01-01 00:04:08.195,ir,99351.0
1970-01-01 00:04:08.221,ir,99330.0
1970-01-01 00:04:08.241,ir,99340.0
1970-01-01 00:04:08.251,ir,99322.0
1970-01-01 00:04:08.271,ir,99317.0
1970-01-01 00:04:08.287,ir,99325.0
1970-01-01 00:04:08.319,ir,99327.0
1970-01-01 00:04:08.339,ir,99340.0
1970-01-01 00:04:08.348,ir,99329.0
1970-01-01 00:04:08.368,ir,99311.0
1970-01-01 00:04:08.396,ir,99319.0
1970-01-01 00:04:08.420,ir,99302.0
1970-01-01 00:04:08.440,ir,99278.0
1970-01-01 00:04:08.456,ir,99290.0
1970-01-01 00:04:08.472,ir,99278.0
1970-01-01 00:04:08.499,ir,99269.0
1970-01-01 00:04:08.522,ir,99268.0
1970-01-01 00:04:08.542,ir,99282.0
1970-01-01 00:04:08.562,ir,99282.0
1970-01-01 00:04:08.578,ir,99293.0
1970-01-01 00:04:08.594,ir,99298.0
1970-01-01 00:04:08.618,ir,99287.0
1970-01-01 00:04:08.638,ir,99307.0
1970-01-01 00:04:08.660,ir,99305.0
1970-01-01 00:04:08.675,ir,99312.0
1970-01-01 00:04:08.695,ir,99303.0
1970-01-01 00:04:08.715,ir,99310.0
1970-01-01 00:04:08.742,ir,99300.0
1970-01-01 00:04:08.760,ir,99297.0
1970-01-01 00:04:08.777,ir,99312.0
1970-01-01 00:04:08.804,ir,99289.0
1970-01-01 00:04:08.820,ir,99268.0
1970-01-01 00:04:08.840,ir,99290.0
1970-01-01 00:04:08.860,ir,99267.0
1970-01-01 00:04:08.877,ir,99268.0
1970-01-01 00:04:08.894,ir,99246.0
1970-01-01 00:04:08.910,ir,99241.0
1970-01-01 00:04:08.926,ir,99249.0
1970-01-01 00:04:08.961,ir,99243.0
1970-01-01 00:04:08.981,ir,99236.0
1970-01-01 00:04:08.992,ir,99256.0
1970-01-01 00:04:09.012,ir,99237.0
1970-01-01 00:04:09.029,ir,99225.0
1970-01-01 00:04:09.060,ir,99231.0
1970-01-01 00:04:09.069,ir,99192.0
1970-01-01 00:04:09.089,ir,99201.0
1970-01-01 00:04:09.107,ir,99202.0
1970-01-01 00:04:09.127,ir,99192.0
1970-01-01 00:04:09.147,ir,99175.0
1970-01-01 00:04:09.180,ir,99163.0
1970-01-01 00:04:09.197,ir,99196.0
1970-01-01 00:04:09.215,ir,99155.0
1970-01-01 00:04:09.239,ir,99170.0
1970-01-01 00:04:09.245,ir,99166.0
1970-01-01 00:04:09.265,ir,99158.0
1970-01-01 00:04:09.285,ir,99158.0
1970-01-01 00:04:09.305,ir,99163.0
1970-01-01 00:04:09.328,ir,99164.0
1970-01-01 00:04:09.360,ir,99155.0
1970-01-01 00:04:09.376,ir,99136.0
1970-01-01 00:04:09.391,ir,99151.0
1970-01-01 00:04:09.411,ir,99136.0
1970-01-01 00:04:09.436,ir,99151.0
1970-01-01 00:04:09.456,ir,99151.0
1970-01-01 00:04:09.472,ir,99133.0
1970-01-01 00:04:09.488,ir,99134.0
1970-01-01 00:04:09.520,ir,99162.0
1970-01-01 00:04:09.543,ir,99207.0
1970-01-01 00:04:09.563,ir,99248.0
1970-01-01 00:04:09.583,ir,99282.0
1970-01-01 00:04:09.593,ir,99308.0
1970-01-01 00:04:09.613,ir,99310.0
1970-01-01 00:04:09.634,ir,99307.0
1970-01-01 00:04:09.651,ir,99307.0
1970-01-01 00:04:09.669,ir,99314.0
1970-01-01 00:04:09.696,ir,99306.0
1970-01-01 00:04:09.715,ir,99286.0
1970-01-01 00:04:09.735,ir,99287.0
1970-01-01 00:04:09.755,ir,99263.0
1970-01-01 00:04:09.778,ir,99262.0
1970-01-01 00:04:09.794,ir,99255.0
1970-01-01 00:04:09.812,ir,99235.0
1970-01-01 00:04:09.829,ir,99236.0
1970-01-01 00:04:09.861,ir,99217.0
1970-01-01 00:04:09.881,ir,99215.0
1970-01-01 00:04:09.889,ir,99222.0
1970-01-01 00:04:09.909,ir,99237.0
1970-01-01 00:04:09.935,ir,99221.0
1970-01-01 00:04:09.951,ir,99205.0
1970-01-01 00:04:09.967,ir,99216.0
1970-01-01 00:04:09.984,ir,99216.0
1970-01-01 00:04:10.004,ir,99224.0
1970-01-01 00:04:10.033,ir,99188.0
1970-01-01 00:04:10.053,ir,99192.0
1970-01-01 00:04:10.069,ir,99200.0
1970-01-01 00:04:10.100,ir,99199.0
1970-01-01 00:04:10.116,ir,99192.0
1970-01-01 00:04:10.143,ir,99189.0
1970-01-01 00:04:10.162,ir,99181.0
1970-01-01 00:04:10.182,ir,99179.0
1970-01-01 00:04:10.202,ir,99173.0
1970-01-01 00:04:10.220,ir,99159.0
1970-01-01 00:04:10.236,ir,99166.0
1970-01-01 00:04:10.252,ir,99150.0
1970-01-01 00:04:10.268,ir,99144.0
1970-01-01 00:04:10.291,ir,99140.0
1970-01-01 00:04:10.317,ir,99127.0
1970-01-01 00:04:10.337,ir,99134.0
1970-01-01 00:04:10.366,ir,99138.0
1970-01-01 00:04:10.369,ir,99134.0
1970-01-01 00:04:10.389,ir,99263.0
1970-01-01 00:04:10.421,ir,99130.0
1970-01-01 00:04:10.422,ir,99112.0
1970-01-01 00:04:10.442,ir,99127.0
1970-01-01 00:04:10.462,ir,99110.0
1970-01-01 00:04:10.482,ir,99103.0
1970-01-01 00:04:10.508,ir,99097.0
1970-01-01 00:04:10.539,ir,99102.0
1970-01-01 00:04:10.555,ir,99106.0
1970-01-01 00:04:10.571,ir,99144.0
1970-01-01 00:04:10.594,ir,99158.0
1970-01-01 00:04:10.617,ir,99177.0
1970-01-01 00:04:10.637,ir,99201.0
1970-01-01 00:04:10.657,ir,99209.0
1970-01-01 00:04:10.675,ir,99252.0
1970-01-01 00:04:10.696,ir,99244.0
1970-01-01 00:04:10.712,ir,99248.0
1970-01-01 00:04:10.729,ir,99234.0
1970-01-01 00:04:10.748,ir,99224.0
1970-01-01 00:04:10.768,ir,99213.0
1970-01-01 00:04:10.799,ir,99198.0
1970-01-01 00:04:10.815,ir,99191.0
1970-01-01 00:04:10.836,ir,99191.0
1970-01-01 00:04:10.858,ir,99187.0
1970-01-01 00:04:10.875,ir,99189.0
1970-01-01 00:04:10.895,ir,99178.0
1970-01-01 00:04:10.910,ir,99164.0
1970-01-01 00:04:10.930,ir,99175.0
1970-01-01 00:04:10.962,ir,99170.0
1970-01-01 00:04:10.983,ir,99148.0
1970-01-01 00:04:11.000,ir,99154.0
1970-01-01 00:04:11.016,ir,99153.0
1970-01-01 00:04:11.032,ir,99152.0
1970-01-01 00:04:11.057,ir,99143.0
1970-01-01 00:04:11.077,ir,99123.0
1970-01-01 00:04:11.094,ir,99132.0
1970-01-01 00:04:11.113,ir,99131.0
1970-01-01 00:04:11.128,ir,99128.0
1970-01-01 00:04:11.148,ir,99138.0
1970-01-01 00:04:11.184,ir,99155.0
1970-01-01 00:04:11.204,ir,99158.0
1970-01-01 00:04:11.220,ir,99151.0
1970-01-01 00:04:11.236,ir,99149.0
1970-01-01 00:04:11.254,ir,99143.0
1970-01-01 00:04:11.274,ir,99147.0
1970-01-01 00:04:11.291,ir,99134.0
1970-01-01 00:04:11.311,ir,99138.0
1970-01-01 00:04:11.329,ir,99128.0
1970-01-01 00:04:11.349,ir,99128.0
1970-01-01 00:04:11.384,ir,99124.0
1970-01-01 00:04:11.404,ir,99134.0
1970-01-01 00:04:11.420,ir,99113.0
1970-01-01 00:04:11.437,ir,99112.0
1970-01-01 00:04:11.458,ir,99118.0
1970-01-01 00:04:11.478,ir,99111.0
1970-01-01 00:04:11.498,ir,99112.0
1970-01-01 00:04:11.515,ir,99109.0
1970-01-01 00:04:11.538,ir,99105.0
1970-01-01 00:04:11.556,ir,99114.0
1970-01-01 00:04:11.573,ir,99113.0
1970-01-01 00:04:11.590,ir,99098.0
1970-01-01 00:04:11.608,ir,99120.0
1970-01-01 00:04:11.619,ir,99112.0
1970-01-01 00:04:11.639,ir,99105.0
1970-01-01 00:04:11.676,ir,99113.0
1970-01-01 00:04:11.693,ir,99104.0
1970-01-01 00:04:11.714,ir,99119.0
1970-01-01 00:04:11.729,ir,99100.0
1970-01-01 00:04:11.749,ir,99100.0
1970-01-01 00:04:11.783,ir,99104.0
1970-01-01 00:04:11.803,ir,99107.0
1970-01-01 00:04:11.815,ir,99102.0
1970-01-01 00:04:11.835,ir,99102.0
1970-01-01 00:04:11.855,ir,99093.0
1970-01-01 00:04:11.876,ir,99115.0
1970-01-01 00:04:11.897,ir,99110.0
1970-01-01 00:04:11.916,ir,99104.0
1970-01-01 00:04:11.933,ir,99108.0
1970-01-01 00:04:11.953,ir,99113.0
1970-01-01 00:04:11.978,ir,99089.0
1970-01-01 00:04:11.998,ir,99087.0
1970-01-01 00:04:12.018,ir,99098.0
1970-01-01 00:04:12.044,ir,99092.0
1970-01-01 00:04:12.062,ir,99099.0
1970-01-01 00:04:12.079,ir,99097.0
1970-01-01 00:04:12.088,ir,99103.0
1970-01-01 00:04:12.108,ir,99100.0
1970-01-01 00:04:12.133,ir,99089.0
1970-01-01 00:04:12.153,ir,99090.0
1970-01-01 00:04:12.173,ir,99087.0
1970-01-01 00:04:12.204,ir,99078.0
1970-01-01 00:04:12.220,ir,99036.0
1970-01-01 00:04:12.232,ir,99088.0
1970-01-01 00:04:12.252,ir,99083.0
1970-01-01 00:04:12.288,ir,99064.0
1970-01-01 00:04:12.308,ir,99072.0
1970-01-01 00:04:12.325,ir,99065.0
1970-01-01 00:04:12.341,ir,99017.0
1970-01-01 00:04:12.357,ir,99069.0
1970-01-01 00:04:12.373,ir,99072.0
1970-01-01 00:04:12.408,ir,99066.0
1970-01-01 00:04:12.414,ir,99066.0
1970-01-01 00:04:12.434,ir,99068.0
1970-01-01 00:04:12.454,ir,99065.0
1970-01-01 00:04:12.474,ir,99060.0
1970-01-01 00:04:12.490,ir,99070.0
1970-01-01 00:04:12.522,ir,99055.0
1970-01-01 00:04:12.529,ir,99061.0
1970-01-01 00:04:12.549,ir,99059.0
1970-01-01 00:04:12.570,ir,99063.0
1970-01-01 00:04:12.590,ir,99054.0
1970-01-01 00:04:12.610,ir,99054.0
1970-01-01 00:04:12.634,ir,99054.0
1970-01-01 00:04:12.650,ir,99049.0
1970-01-01 00:04:12.681,ir,99052.0
1970-01-01 00:04:12.707,ir,99054.0
1970-01-01 00:04:12.717,ir,99038.0
1970-01-01 00:04:12.737,ir,99063.0
1970-01-01 00:04:12.759,ir,99037.0
1970-01-01 00:04:12.788,ir,99040.0
1970-01-01 00:04:12.789,ir,99027.0
1970-01-01 00:04:12.809,ir,99010.0
1970-01-01 00:04:12.832,ir,99027.0
1970-01-01 00:04:12.851,ir,99014.0
1970-01-01 00:04:12.871,ir,99011.0
1970-01-01 00:04:12.891,ir,99015.0
1970-01-01 00:04:12.920,ir,99012.0
1970-01-01 00:04:12.936,ir,99007.0
1970-01-01 00:04:12.952,ir,99007.0
1970-01-01 00:04:12.972,ir,98996.0
1970-01-01 00:04:12.992,ir,98998.0
1970-01-01 00:04:13.015,ir,98990.0
1970-01-01 00:04:13.035,ir,99001.0
1970-01-01 00:04:13.055,ir,98985.0
1970-01-01 00:04:13.075,ir,98997.0
1970-01-01 00:04:13.091,ir,98976.0
1970-01-01 00:04:13.123,ir,98982.0
1970-01-01 00:04:13.148,ir,98985.0
1970-01-01 00:04:13.156,ir,98974.0
1970-01-01 00:04:13.176,ir,98997.0
1970-01-01 00:04:13.196,ir,98977.0
1970-01-01 00:04:13.218,ir,98984.0
1970-01-01 00:04:13.238,ir,98969.0
1970-01-01 00:04:13.254,ir,98989.0
1970-01-01 00:04:13.270,ir,98977.0
1970-01-01 00:04:13.291,ir,98981.0
1970-01-01 00:04:13.311,ir,98971.0
1970-01-01 00:04:13.333,ir,98983.0
1970-01-01 00:04:13.353,ir,98993.0
1970-01-01 00:04:13.384,ir,98974.0
1970-01-01 00:04:13.400,ir,98975.0
1970-01-01 00:04:13.416,ir,98976.0
1970-01-01 00:04:13.432,ir,98980.0
1970-01-01 00:04:13.448,ir,98976.0
1970-01-01 00:04:13.468,ir,98988.0
1970-01-01 00:04:13.500,ir,98990.0
1970-01-01 00:04:13.520,ir,98992.0
1970-01-01 00:04:13.537,ir,98990.0
1970-01-01 00:04:13.553,ir,99007.0
1970-01-01 00:04:13.581,ir,99023.0
1970-01-01 00:04:13.601,ir,99050.0
1970-01-01 00:04:13.615,ir,99021.0
1970-01-01 00:04:13.635,ir,99030.0
1970-01-01 00:04:13.655,ir,99061.0
1970-01-01 00:04:13.675,ir,99076.0
1970-01-01 00:04:13.691,ir,99084.0
1970-01-01 00:04:13.722,ir,99105.0
1970-01-01 00:04:13.743,ir,99110.0
1970-01-01 00:04:13.763,ir,99122.0
1970-01-01 00:04:13.773,ir,99125.0
1970-01-01 00:04:13.793,ir,99136.0
1970-01-01 00:04:13.813,ir,99132.0
1970-01-01 00:04:13.845,ir,99124.0
1970-01-01 00:04:13.861,ir,99109.0
1970-01-01 00:04:13.877,ir,99146.0
1970-01-01 00:04:13.900,ir,99122.0
1970-01-01 00:04:13.900,ir,99122.0
1970-01-01 00:04:13.920,ir,99125.0
1970-01-01 00:04:13.920,ir,99125.0
1970-01-01 00:04:13.940,ir,99133.0
1970-01-01 00:04:13.940,ir,99133.0
1970-01-01 00:04:13.952,ir,99137.0
1970-01-01 00:04:13.972,ir,99135.0
1970-01-01 00:04:14.003,ir,99141.0
1970-01-01 00:04:14.019,ir,99144.0
1970-01-01 00:04:14.038,ir,99156.0
1970-01-01 00:04:14.058,ir,99157.0
1970-01-01 00:04:14.084,ir,99163.0
1970-01-01 00:04:14.104,ir,99160.0
1970-01-01 00:04:14.122,ir,99161.0
1970-01-01 00:04:14.138,ir,99153.0
1970-01-01 00:04:14.154,ir,99154.0
1970-01-01 00:04:14.183,ir,99161.0
1970-01-01 00:04:14.203,ir,99132.0
1970-01-01 00:04:14.213,ir,99174.0
1970-01-01 00:04:14.233,ir,99161.0
1970-01-01 00:04:14.253,ir,99161.0
1970-01-01 00:04:14.272,ir,99164.0
1970-01-01 00:04:14.303,ir,99170.0
1970-01-01 00:04:14.319,ir,99167.0
1970-01-01 00:04:14.337,ir,99178.0
1970-01-01 00:04:14.357,ir,99172.0
1970-01-01 00:04:14.388,ir,99165.0
1970-01-01 00:04:14.408,ir,99145.0
1970-01-01 00:04:14.424,ir,99149.0
1970-01-01 00:04:14.440,ir,99128.0
1970-01-01 00:04:14.457,ir,99126.0
1970-01-01 00:04:14.473,ir,99124.0
1970-01-01 00:04:14.493,ir,99124.0
1970-01-01 00:04:14.513,ir,99124.0
1970-01-01 00:04:14.533,ir,99124.0
1970-01-01 00:04:14.562,ir,99118.0
1970-01-01 00:04:14.581,ir,99121.0
1970-01-01 00:04:14.597,ir,99108.0
1970-01-01 00:04:14.623,ir,99106.0
1970-01-01 00:04:14.634,ir,99080.0
1970-01-01 00:04:14.654,ir,99103.0
1970-01-01 00:04:14.675,ir,99096.0
1970-01-01 00:04:14.695,ir,99078.0
1970-01-01 00:04:14.715,ir,99101.0
1970-01-01 00:04:14.734,ir,99081.0
1970-01-01 00:04:14.768,ir,99078.0
1970-01-01 00:04:14.772,ir,99091.0
1970-01-01 00:04:14.792,ir,99073.0
1970-01-01 00:04:14.811,ir,99078.0
1970-01-01 00:04:14.851,ir,99083.0
1970-01-01 00:04:14.871,ir,99099.0
1970-01-01 00:04:14.874,ir,99095.0
1970-01-01 00:04:14.894,ir,98942.0
1970-01-01 00:04:14.929,ir,99079.0
1970-01-01 00:04:14.930,ir,99088.0
1970-01-01 00:04:14.950,ir,99097.0
1970-01-01 00:04:14.970,ir,99091.0
1970-01-01 00:04:14.990,ir,99091.0
1970-01-01 00:04:15.013,ir,99100.0
1970-01-01 00:04:15.044,ir,99078.0
1970-01-01 00:04:15.060,ir,99088.0
1970-01-01 00:04:15.076,ir,99093.0
1970-01-01 00:04:15.103,ir,99068.0
1970-01-01 00:04:15.123,ir,99091.0
1970-01-01 00:04:15.144,ir,99097.0
1970-01-01 00:04:15.164,ir,99175.0
1970-01-01 00:04:15.181,ir,99101.0
1970-01-01 00:04:15.197,ir,99093.0
1970-01-01 00:04:15.213,ir,99108.0
1970-01-01 00:04:15.240,ir,99110.0
1970-01-01 00:04:15.260,ir,99103.0
1970-01-01 00:04:15.280,ir,99099.0
1970-01-01 00:04:15.296,ir,99098.0
1970-01-01 00:04:15.316,ir,99079.0
1970-01-01 00:04:15.332,ir,99096.0
1970-01-01 00:04:15.363,ir,99097.0
1970-01-01 00:04:15.386,ir,99074.0
1970-01-01 00:04:15.410,ir,99081.0
1970-01-01 00:04:15.430,ir,99072.0
1970-01-01 00:04:15.450,ir,99063.0
1970-01-01 00:04:15.469,ir,99061.0
1970-01-01 00:04:15.485,ir,99199.0
1970-01-01 00:04:15.501,ir,99060.0
1970-01-01 00:04:15.517,ir,99060.0
1970-01-01 00:04:15.543,ir,99067.0
1970-01-01 00:04:15.566,ir,99063.0
1970-01-01 00:04:15.586,ir,99059.0
1970-01-01 00:04:15.606,ir,99075.0
1970-01-01 00:04:15.626,ir,99055.0
1970-01-01 00:04:15.642,ir,99084.0
1970-01-01 00:04:15.658,ir,99073.0
1970-01-01 00:04:15.674,ir,99070.0
1970-01-01 00:04:15.694,ir,99069.0
1970-01-01 00:04:15.714,ir,99086.0
1970-01-01 00:04:15.734,ir,99088.0
1970-01-01 00:04:15.764,ir,99075.0
1970-01-01 00:04:15.781,ir,99085.0
1970-01-01 00:04:15.797,ir,99081.0
1970-01-01 00:04:15.813,ir,99085.0
1970-01-01 00:04:15.839,ir,99095.0
1970-01-01 00:04:15.859,ir,99068.0
1970-01-01 00:04:15.879,ir,99088.0
1970-01-01 00:04:15.895,ir,99087.0
1970-01-01 00:04:15.915,ir,99073.0
1970-01-01 00:04:15.935,ir,99086.0
1970-01-01 00:04:15.966,ir,99088.0
1970-01-01 00:04:15.987,ir,99086.0
1970-01-01 00:04:15.992,ir,99102.0
1970-01-01 00:04:16.012,ir,99091.0
1970-01-01 00:04:16.032,ir,99093.0
1970-01-01 00:04:16.052,ir,99096.0
1970-01-01 00:04:16.088,ir,99100.0
1970-01-01 00:04:16.103,ir,99062.0
1970-01-01 00:04:16.119,ir,99106.0
1970-01-01 00:04:16.145,ir,99098.0
1970-01-01 00:04:16.166,ir,99089.0
1970-01-01 00:04:16.186,ir,99070.0
1970-01-01 00:04:16.206,ir,99062.0
1970-01-01 00:04:16.224,ir,99052.0
1970-01-01 00:04:16.240,ir,99053.0
1970-01-01 00:04:16.256,ir,99062.0
1970-01-01 00:04:16.283,ir,99063.0
1970-01-01 00:04:16.303,ir,99054.0
1970-01-01 00:04:16.323,ir,99069.0
1970-01-01 00:04:16.334,ir,99052.0
1970-01-01 00:04:16.354,ir,99084.0
1970-01-01 00:04:16.387,ir,99085.0
1970-01-01 00:04:16.403,ir,99027.0
1970-01-01 00:04:16.419,ir,99084.0
1970-01-01 00:04:16.442,ir,99071.0
1970-01-01 00:04:16.464,ir,99081.0
1970-01-01 00:04:16.484,ir,99087.0
1970-01-01 00:04:16.504,ir,99079.0
1970-01-01 00:04:16.524,ir,99093.0
1970-01-01 00:04:16.540,ir,99084.0
1970-01-01 00:04:16.556,ir,99074.0
1970-01-01 00:04:16.592,ir,99085.0
1970-01-01 00:04:16.612,ir,99110.0
1970-01-01 00:04:16.623,ir,99097.0
1970-01-01 00:04:16.643,ir,99102.0
1970-01-01 00:04:16.663,ir,99087.0
1970-01-01 00:04:16.683,ir,99090.0
1970-01-01 00:04:16.699,ir,99092.0
1970-01-01 00:04:16.715,ir,99079.0
1970-01-01 00:04:16.731,ir,99086.0
1970-01-01 00:04:16.762,ir,99075.0
1970-01-01 00:04:16.782,ir,99099.0
1970-01-01 00:04:16.802,ir,99101.0
1970-01-01 00:04:16.825,ir,99093.0
1970-01-01 00:04:16.841,ir,99092.0
1970-01-01 00:04:16.857,ir,99088.0
1970-01-01 00:04:16.873,ir,99089.0
1970-01-01 00:04:16.897,ir,99072.0
1970-01-01 00:04:16.917,ir,99092.0
1970-01-01 00:04:16.943,ir,99098.0
1970-01-01 00:04:16.963,ir,99097.0
1970-01-01 00:04:16.979,ir,99094.0
1970-01-01 00:04:16.995,ir,99085.0
1970-01-01 00:04:17.026,ir,99078.0
1970-01-01 00:04:17.032,ir,99069.0
1970-01-01 00:04:17.052,ir,99059.0
1970-01-01 00:04:17.072,ir,99062.0
1970-01-01 00:04:17.096,ir,99062.0
1970-01-01 00:04:17.116,ir,99039.0
1970-01-01 00:04:17.148,ir,99063.0
1970-01-01 00:04:17.164,ir,99033.0
1970-01-01 00:04:17.181,ir,99058.0
1970-01-01 00:04:17.206,ir,99055.0
1970-01-01 00:04:17.226,ir,99073.0
1970-01-01 00:04:17.246,ir,99058.0
1970-01-01 00:04:17.271,ir,99075.0
1970-01-01 00:04:17.287,ir,99074.0
1970-01-01 00:04:17.303,ir,99073.0
1970-01-01 00:04:17.319,ir,99081.0
1970-01-01 00:04:17.341,ir,99097.0
1970-01-01 00:04:17.361,ir,99089.0
1970-01-01 00:04:17.388,ir,99073.0
1970-01-01 00:04:17.408,ir,99087.0
1970-01-01 00:04:07.237,red_corrected,-215.8299419845051
1970-01-01 00:04:07.253,red_corrected,-209.3055095262684
1970-01-01 00:04:07.269,red_corrected,-196.73822083153584
1970-01-01 00:04:07.297,red_corrected,-200.89507446354912
1970-01-01 00:04:07.323,red_corrected,-210.08616470037416
1970-01-01 00:04:07.343,red_corrected,-200.7613538891005
1970-01-01 00:04:07.363,red_corrected,-199.4470711081884
1970-01-01 00:04:07.379,red_corrected,-211.90185475819004
1970-01-01 00:04:07.397,red_corrected,-232.52998372532863
1970-01-01 00:04:07.415,red_corrected,-217.46558216414408
1970-01-01 00:04:07.440,red_corrected,-215.4703474623093
1970-01-01 00:04:07.448,red_corrected,-225.7196952228369
1970-01-01 00:04:27.758,red_corrected,278.97421123866354
1970-01-01 00:04:07.488,red_corrected,-219.02152347132017
1970-01-01 00:04:07.508,red_corrected,-215.11065165352005
1970-01-01 00:04:07.532,red_corrected,-221.66089435956863
1970-01-01 00:04:07.548,red_corrected,-220.0161025897124
1970-01-01 00:04:07.564,red_corrected,-220.82795309540148
1970-01-01 00:04:07.585,red_corrected,-224.89919095060588
1970-01-01 00:04:07.605,red_corrected,-227.1212320454054
1970-01-01 00:04:07.625,red_corrected,-213.41417592251537
1970-01-01 00:04:07.645,red_corrected,-213.7076680680099
1970-01-01 00:04:07.673,red_corrected,-201.8917557778572
1970-01-01 00:04:07.689,red_corrected,-203.26487724511816
1970-01-01 00:04:07.705,red_corrected,-196.4211088291824
1970-01-01 00:04:28.006,red_corrected,275.05717062266245
1970-01-01 00:04:07.728,red_corrected,-195.35851487204351
1970-01-01 00:04:28.128,red_corrected,267.5642326814338
1970-01-01 00:04:28.156,red_corrected,296.8781588570133
1970-01-01 00:04:28.179,red_corrected,314.2735229889992
1970-01-01 00:04:28.199,red_corrected,302.61465092309106
1970-01-01 00:04:28.219,red_corrected,305.9437991888254
1970-01-01 00:04:28.241,red_corrected,293.49543837178896
1970-01-01 00:04:28.257,red_corrected,303.31465216782226
1970-01-01 00:04:28.273,red_corrected,292.2841699645945
1970-01-01 00:04:28.293,red_corrected,315.6835275535116
1970-01-01 00:04:28.320,red_corrected,333.45745845870795
1970-01-01 00:04:28.341,red_corrected,349.4473450091533
1970-01-01 00:04:28.361,red_corrected,402.4672116610029
1970-01-01 00:04:28.379,red_corrected,326.59964120890464
1970-01-01 00:04:28.399,red_corrected,441.64367432237424
1970-01-01 00:04:28.416,red_corrected,344.21193156774586
1970-01-01 00:04:28.426,red_corrected,352.8991207132956
1970-01-01 00:04:28.446,red_corrected,359.34779553650606
1970-01-01 00:04:28.478,red_corrected,350.82365956590513
1970-01-01 00:04:28.498,red_corrected,325.9962032598542
1970-01-01 00:04:28.514,red_corrected,325.48082149942445
1970-01-01 00:04:28.530,red_corrected,296.0226919393997
1970-01-01 00:04:28.546,red_corrected,318.32842031042395
1970-01-01 00:04:28.578,red_corrected,307.6034376698218
1970-01-01 00:04:28.586,red_corrected,329.08324001929554
1970-01-01 00:04:28.606,red_corrected,310.00410676471387
1970-01-01 00:04:28.626,red_corrected,311.9126806742052
1970-01-01 00:04:28.654,red_corrected,306.808694191803
1970-01-01 00:04:28.674,red_corrected,300.9623676701356
1970-01-01 00:04:28.691,red_corrected,307.1355840560187
1970-01-01 00:04:28.707,red_corrected,285.6544522906042
1970-01-01 00:04:28.734,red_corrected,300.98848290425883
1970-01-01 00:04:28.774,red_corrected,287.4168482430094
1970-01-01 00:04:28.794,red_corrected,283.19250551342714
1970-01-01 00:04:28.814,red_corrected,274.00021391625467
1970-01-01 00:04:28.830,red_corrected,282.2301188531293
1970-01-01 00:04:28.846,red_corrected,277.7505331972652
1970-01-01 00:04:28.877,red_corrected,280.07875181745044
1970-01-01 00:04:28.887,red_corrected,275.2267121950549
1970-01-01 00:04:28.907,red_corrected,274.49890910773564
1970-01-01 00:04:28.927,red_corrected,283.71794873866014
1970-01-01 00:04:28.953,red_corrected,273.7221717130085
1970-01-01 00:04:28.973,red_corrected,267.34544596766324
1970-01-01 00:04:28.991,red_corrected,275.32926311807
1970-01-01 00:04:29.010,red_corrected,275.92379417908614
1970-01-01 00:04:29.036,red_corrected,290.3119342624943
1970-01-01 00:04:29.055,red_corrected,283.5906748735288
1970-01-01 00:04:39.977,red_corrected,299.9026057718538
1970-01-01 00:04:06.649,red_corrected,-193.4237084796443
1970-01-01 00:04:06.767,red_corrected,-199.97488559018785
1970-01-01 00:04:06.846,red_corrected,-201.0255836750073
1970-01-01 00:04:06.978,red_corrected,-197.36622320009403
1970-01-01 00:04:07.002,red_corrected,-226.7011412311564
1970-01-01 00:04:07.022,red_corrected,-195.0118948527892
1970-01-01 00:04:07.042,red_corrected,-200.2980429975133
1970-01-01 00:04:07.047,red_corrected,-203.23093009086065
1970-01-01 00:04:07.067,red_corrected,-212.52248731523636
1970-01-01 00:04:07.160,red_corrected,-205.8373720288426
1970-01-01 00:04:07.180,red_corrected,-204.31640573696808
1970-01-01 00:04:07.200,red_corrected,-211.76099152181277
1970-01-01 00:04:07.218,red_corrected,-195.8848455809237
1970-01-01 00:04:26.684,ir_corrected,292.03104384148526
1970-01-01 00:04:26.704,ir_corrected,290.50759212259146
1970-01-01 00:04:26.733,ir_corrected,309.4567150671018
1970-01-01 00:04:26.752,ir_corrected,330.86047980037205
1970-01-01 00:04:26.768,ir_corrected,366.8470422981252
1970-01-01 00:04:26.797,ir_corrected,384.6451060959985
1970-01-01 00:04:26.818,ir_corrected,406.6164306864085
1970-01-01 00:04:26.838,ir_corrected,438.1140652867063
1970-01-01 00:04:26.858,ir_corrected,492.337852676361
1970-01-01 00:04:26.878,ir_corrected,522.0462990442791
1970-01-01 00:04:26.896,ir_corrected,546.7394802746865
1970-01-01 00:04:26.914,ir_corrected,582.2026419455539
1970-01-01 00:04:26.938,ir_corrected,590.766984639183
1970-01-01 00:04:26.957,ir_corrected,636.8637499480056
1970-01-01 00:04:26.977,ir_corrected,677.7662810353407
1970-01-01 00:04:26.997,ir_corrected,649.810882651698
1970-01-01 00:04:27.017,ir_corrected,627.1379663207841
1970-01-01 00:04:27.033,ir_corrected,637.9071604803753
1970-01-01 00:04:27.052,ir_corrected,638.2969750661431
1970-01-01 00:04:27.068,ir_corrected,647.84901483383
1970-01-01 00:04:27.086,ir_corrected,653.5513728527402
1970-01-01 00:04:27.106,ir_corrected,667.9442838475671
1970-01-01 00:04:27.133,ir_corrected,642.4066195082692
1970-01-01 00:04:27.153,ir_corrected,633.0703193809103
1970-01-01 00:04:27.169,ir_corrected,623.2634715421925
1970-01-01 00:04:27.185,ir_corrected,607.5263708267189
1970-01-01 00:04:27.216,ir_corrected,608.5148639656938
1970-01-01 00:04:27.232,ir_corrected,567.7411362332435
1970-01-01 00:04:27.255,ir_corrected,548.5296963203638
1970-01-01 00:04:27.275,ir_corrected,521.5413275839113
1970-01-01 00:04:27.302,ir_corrected,507.8783762732662
1970-01-01 00:04:27.322,ir_corrected,490.02555753503225
1970-01-01 00:04:27.339,ir_corrected,491.86004632312927
1970-01-01 00:04:27.355,ir_corrected,479.3767439740016
1970-01-01 00:04:27.371,ir_corrected,504.6667484317615
1970-01-01 00:04:27.394,ir_corrected,486.0538137002226
1970-01-01 00:04:27.414,ir_corrected,490.5781114716503
1970-01-01 00:04:27.435,ir_corrected,494.4278707823466
1970-01-01 00:04:27.455,ir_corrected,510.6185974079286
1970-01-01 00:04:27.471,ir_corrected,502.2315220596177
1970-01-01 00:04:27.487,ir_corrected,504.48229161189386
1970-01-01 00:04:27.518,ir_corrected,512.7302856951687
1970-01-01 00:04:27.534,ir_corrected,487.021669834312
1970-01-01 00:04:27.557,ir_corrected,540.9288527802248
1970-01-01 00:04:27.568,ir_corrected,547.6114096391556
1970-01-01 00:04:27.588,ir_corrected,569.3781490353737
1970-01-01 00:04:27.608,ir_corrected,585.0592740642618
1970-01-01 00:04:27.637,ir_corrected,615.9316594961638
1970-01-01 00:04:27.645,ir_corrected,643.0064896750091
1970-01-01 00:04:27.665,ir_corrected,706.773773429342
1970-01-01 00:04:27.692,ir_corrected,775.7233346287385
1970-01-01 00:04:27.718,ir_corrected,795.96021802253
1970-01-01 00:04:27.738,ir_corrected,821.7731384108963
1970-01-01 00:04:27.758,ir_corrected,827.5567032167727
1970-01-01 00:04:27.781,ir_corrected,805.49270981933
1970-01-01 00:04:27.798,ir_corrected,783.9430385294198
1970-01-01 00:04:27.817,ir_corrected,711.6424767195367
1970-01-01 00:04:27.840,ir_corrected,687.0584608194749
1970-01-01 00:04:27.850,ir_corrected,685.726694188685
1970-01-01 00:04:27.870,ir_corrected,689.107248383976
1970-01-01 00:04:27.890,ir_corrected,695.4451533440543
1970-01-01 00:04:27.918,ir_corrected,697.3524647175126
1970-01-01 00:04:27.934,ir_corrected,680.3092124925913
1970-01-01 00:04:27.950,ir_corrected,667.9543914948248
1970-01-01 00:04:27.966,ir_corrected,676.944155730553
1970-01-01 00:04:27.986,ir_corrected,699.33883929588
1970-01-01 00:04:28.006,ir_corrected,716.7270615824386
1970-01-01 00:04:28.028,ir_corrected,733.4307869609714
1970-01-01 00:04:28.048,ir_corrected,746.6659030726929
1970-01-01 00:04:28.068,ir_corrected,740.9298551693217
1970-01-01 00:04:28.091,ir_corrected,772.9918642197484
1970-01-01 00:04:28.107,ir_corrected,807.8687884517802
1970-01-01 00:04:28.128,ir_corrected,881.142538806539
1970-01-01 00:04:28.156,ir_corrected,946.1909031861594
1970-01-01 00:04:28.179,ir_corrected,950.6330660109963
1970-01-01 00:04:28.199,ir_corrected,930.3979943330976
1970-01-01 00:04:28.219,ir_corrected,869.4663480858825
1970-01-01 00:04:28.241,ir_corrected,845.5987820709591
1970-01-01 00:04:28.257,ir_corrected,848.2375105655191
1970-01-01 00:04:28.273,ir_corrected,881.6413457500073
1970-01-01 00:04:28.293,ir_corrected,903.6750846506924
1970-01-01 00:04:28.320,ir_corrected,933.6286089835938
1970-01-01 00:04:28.341,ir_corrected,932.4090702385632
1970-01-01 00:04:28.361,ir_corrected,953.3873295768876
1970-01-01 00:04:28.379,ir_corrected,943.580529894877
1970-01-01 00:04:28.399,ir_corrected,959.2551365990116
1970-01-01 00:04:28.416,ir_corrected,978.4701784587288
1970-01-01 00:04:28.426,ir_corrected,966.3467013707076
1970-01-01 00:04:28.446,ir_corrected,979.93434395627
1970-01-01 00:04:28.478,ir_corrected,973.300001920811
1970-01-01 00:04:28.498,ir_corrected,966.3141166417277
1970-01-01 00:04:28.514,ir_corrected,934.6163620400667
1970-01-01 00:04:28.530,ir_corrected,926.2759193847004
1970-01-01 00:04:28.546,ir_corrected,907.8848836925686
1970-01-01 00:04:28.578,ir_corrected,914.533999388374
1970-01-01 00:04:28.586,ir_corrected,909.5207945695986
1970-01-01 00:04:28.606,ir_corrected,885.7496881187958
1970-01-01 00:04:28.626,ir_corrected,930.7658103114214
1970-01-01 00:04:28.654,ir_corrected,933.8535214259932
1970-01-01 00:04:28.674,ir_corrected,894.0548096848637
1970-01-01 00:04:28.691,ir_corrected,878.4703602698713
1970-01-01 00:04:28.707,ir_corrected,865.6054070053558
1970-01-01 00:04:28.734,ir_corrected,889.503559695061
1970-01-01 00:04:28.754,ir_corrected,878.7965160920307
1970-01-01 00:04:28.774,ir_corrected,870.0464874199552
1970-01-01 00:04:28.794,ir_corrected,879.1682632241258
1970-01-01 00:04:28.814,ir_corrected,859.3921351088292
1970-01-01 00:04:28.830,ir_corrected,861.6308323869422
1970-01-01 00:04:28.846,ir_corrected,871.1925399776276
1970-01-01 00:04:28.877,ir_corrected,866.6033400275168
1970-01-01 00:04:28.887,ir_corrected,878.1367674840271
1970-01-01 00:04:28.907,ir_corrected,862.9550599742794
1970-01-01 00:04:28.927,ir_corrected,857.8000680940038
1970-01-01 00:04:28.953,ir_corrected,864.583802383585
1970-01-01 00:04:28.973,ir_corrected,860.2476274784019
1970-01-01 00:04:28.991,ir_corrected,850.9163994459971
1970-01-01 00:04:29.010,ir_corrected,856.9317150198892
1970-01-01 00:04:29.036,ir_corrected,862.3571921635794
1970-01-01 00:04:29.055,ir_corrected,844.4624658351386
1970-01-01 00:04:29.075,ir_corrected,831.9399744970151
1970-01-01 00:04:29.095,ir_corrected,827.7686237294847
1970-01-01 00:04:29.122,ir_corrected,794.7631297157941
1970-01-01 00:04:29.140,ir_corrected,760.9276631721741
1970-01-01 00:04:29.160,ir_corrected,741.1913739612801
1970-01-01 00:04:29.176,ir_corrected,742.448766196424
1970-01-01 00:04:29.193,ir_corrected,772.1146487437062
1970-01-01 00:04:29.193,ir_corrected,723.8863794784411
1970-01-01 00:04:29.213,ir_corrected,770.2240362808287
1970-01-01 00:04:29.213,ir_corrected,722.2569475810451
1970-01-01 00:04:29.233,ir_corrected,715.4735175525894
1970-01-01 00:04:29.233,ir_corrected,766.3528350953263
1970-01-01 00:04:29.255,ir_corrected,713.8702892383773
1970-01-01 00:04:29.280,ir_corrected,706.305077065732
1970-01-01 00:04:29.297,ir_corrected,714.6976909539554
1970-01-01 00:04:29.312,ir_corrected,719.0683417727306
1970-01-01 00:04:29.328,ir_corrected,692.5721393374153
1970-01-01 00:04:29.346,ir_corrected,752.8471184436017
1970-01-01 00:04:29.346,ir_corrected,713.0126311690652
1970-01-01 00:04:29.366,ir_corrected,703.549043919249
1970-01-01 00:04:29.366,ir_corrected,743.1843587574094
1970-01-01 00:04:29.386,ir_corrected,734.565348572491
1970-01-01 00:04:29.386,ir_corrected,695.1282103085108
1970-01-01 00:04:29.415,ir_corrected,695.1851859270571
1970-01-01 00:04:29.431,ir_corrected,701.9691915170398
1970-01-01 00:04:29.447,ir_corrected,701.5755334344987
1970-01-01 00:04:29.466,ir_corrected,705.1686800630757
1970-01-01 00:04:29.486,ir_corrected,707.0417090185241
1970-01-01 00:04:29.504,ir_corrected,693.5153930418611
1970-01-01 00:04:29.524,ir_corrected,720.5489205766006
1970-01-01 00:04:29.544,ir_corrected,717.5956200926036
1970-01-01 00:04:29.566,ir_corrected,711.191733584742
1970-01-01 00:04:29.597,ir_corrected,689.8187448089286
1970-01-01 00:04:29.620,ir_corrected,683.4321444492001
1970-01-01 00:04:29.630,ir_corrected,687.8594260645898
1970-01-01 00:04:29.650,ir_corrected,706.0196699198899
1970-01-01 00:04:29.670,ir_corrected,681.6118429009855
1970-01-01 00:04:29.690,ir_corrected,682.4541285282048
1970-01-01 00:04:29.710,ir_corrected,675.3336299920612
1970-01-01 00:04:29.728,ir_corrected,664.7196469276628
1970-01-01 00:04:29.759,ir_corrected,637.2046635164392
1970-01-01 00:04:29.775,ir_corrected,648.349722794213
1970-01-01 00:04:29.801,ir_corrected,637.074063455336
1970-01-01 00:04:29.821,ir_corrected,631.788759354633
1970-01-01 00:04:29.841,ir_corrected,615.5843984413231
1970-01-01 00:04:29.865,ir_corrected,598.2860135975204
1970-01-01 00:04:29.881,ir_corrected,595.3084422416567
1970-01-01 00:04:29.897,ir_corrected,604.9042139626208
1970-01-01 00:04:29.913,ir_corrected,558.7213405694476
1970-01-01 00:04:29.937,ir_corrected,555.7761970673305
1970-01-01 00:04:29.956,ir_corrected,530.1605028776963
1970-01-01 00:04:29.976,ir_corrected,509.6598904882338
1970-01-01 00:04:29.996,ir_corrected,498.2171543921878
1970-01-01 00:04:30.020,ir_corrected,483.716505923143
1970-01-01 00:04:30.036,ir_corrected,485.5591083712079
1970-01-01 00:04:30.052,ir_corrected,465.2290393025327
1970-01-01 00:04:30.068,ir_corrected,451.0152488400447
1970-01-01 00:04:30.091,ir_corrected,466.7210208015621
1970-01-01 00:04:30.108,ir_corrected,462.3518510201997
1970-01-01 00:04:30.128,ir_corrected,457.9863361105528
1970-01-01 00:04:30.148,ir_corrected,465.5823897088976
1970-01-01 00:04:30.177,ir_corrected,451.1216671084329
1970-01-01 00:04:30.193,ir_corrected,447.10943252090857
1970-01-01 00:04:30.209,ir_corrected,424.7156435885491
1970-01-01 00:04:30.225,ir_corrected,433.0262219724081
1970-01-01 00:04:30.245,ir_corrected,445.1060720209676
1970-01-01 00:04:30.270,ir_corrected,412.95447224944496
1970-01-01 00:04:30.290,ir_corrected,404.03452529760585
1970-01-01 00:04:30.311,ir_corrected,411.0500071871915
1970-01-01 00:04:30.331,ir_corrected,402.0752039346434
1970-01-01 00:04:30.347,ir_corrected,404.41727261699305
1970-01-01 00:04:30.378,ir_corrected,389.2562958363587
1970-01-01 00:04:30.398,ir_corrected,380.1042070892327
1970-01-01 00:04:30.418,ir_corrected,391.82945081414505
1970-01-01 00:04:30.438,ir_corrected,386.5796137254705
1970-01-01 00:04:30.463,ir_corrected,371.7492496491652
1970-01-01 00:04:30.479,ir_corrected,393.7228206668017
1970-01-01 00:04:30.495,ir_corrected,370.182564222555
1970-01-01 00:04:30.511,ir_corrected,363.9105086486616
1970-01-01 00:04:30.533,ir_corrected,405.89493412972615
1970-01-01 00:04:30.563,ir_corrected,460.3114739294389
1970-01-01 00:04:30.583,ir_corrected,479.6258420458778
1970-01-01 00:04:30.604,ir_corrected,472.3405127159072
1970-01-01 00:04:30.624,ir_corrected,461.3760182241947
1970-01-01 00:04:30.641,ir_corrected,451.6540459991616
1970-01-01 00:04:30.657,ir_corrected,427.5127830598681
1970-01-01 00:04:30.673,ir_corrected,421.7562620653875
1970-01-01 00:04:30.693,ir_corrected,391.163758553637
1970-01-01 00:04:30.713,ir_corrected,385.7189528557277
1970-01-01 00:04:30.733,ir_corrected,386.27390113305495
1970-01-01 00:04:30.761,ir_corrected,358.7841771690586
1970-01-01 00:04:30.777,ir_corrected,357.2282358471304
1970-01-01 00:04:30.793,ir_corrected,365.59125108059845
1970-01-01 00:04:30.809,ir_corrected,360.0442507533901
1970-01-01 00:04:30.836,ir_corrected,347.6278455713102
1970-01-01 00:04:30.856,ir_corrected,350.682053535879
1970-01-01 00:04:30.876,ir_corrected,358.7516791304856
1970-01-01 00:04:30.896,ir_corrected,355.0100036210101
1970-01-01 00:04:30.916,ir_corrected,354.2723180831704
1970-01-01 00:04:30.933,ir_corrected,352.33465976409263
1970-01-01 00:04:30.949,ir_corrected,356.520454775194
1970-01-01 00:04:30.980,ir_corrected,354.00768228398647
1970-01-01 00:04:30.988,ir_corrected,349.20825649229295
1970-01-01 00:04:31.008,ir_corrected,350.370099440167
1970-01-01 00:04:31.028,ir_corrected,354.5108137761837
1970-01-01 00:04:31.048,ir_corrected,359.6255051434011
1970-01-01 00:04:31.073,ir_corrected,333.82163177738545
1970-01-01 00:04:31.089,ir_corrected,329.2823490122689
1970-01-01 00:04:31.120,ir_corrected,337.3879198243407
1970-01-01 00:04:31.129,ir_corrected,329.5780203757107
1970-01-01 00:04:31.149,ir_corrected,343.5234813106681
1970-01-01 00:04:31.170,ir_corrected,349.438041468764
1970-01-01 00:04:31.190,ir_corrected,329.4973391029666
1970-01-01 00:04:31.210,ir_corrected,323.58499204552635
1970-01-01 00:04:31.241,ir_corrected,305.66024942888254
1970-01-01 00:04:31.257,ir_corrected,333.120870698099
1970-01-01 00:04:31.273,ir_corrected,294.6638953259976
1970-01-01 00:04:31.290,ir_corrected,295.72277243510604
1970-01-01 00:04:31.310,ir_corrected,284.19215187246306
1970-01-01 00:04:31.916,ir_corrected,311.99943683565147
1970-01-01 00:04:31.940,ir_corrected,321.3432067838381
1970-01-01 00:04:31.953,ir_corrected,284.1782904701965
1970-01-01 00:04:32.063,ir_corrected,284.9287606878114
1970-01-01 00:04:33.960,ir_corrected,297.63211743572793
1970-01-01 00:04:34.230,ir_corrected,282.2848913537261
1970-01-01 00:04:34.366,ir_corrected,279.57434900598446
1970-01-01 00:04:34.382,ir_corrected,289.5590115673388
1970-01-01 00:04:34.398,ir_corrected,281.13957343480314
1970-01-01 00:04:42.457,ir_corrected,289.51625565798423
1970-01-01 00:04:42.461,ir_corrected,315.79653138398976
1970-01-01 00:04:42.481,ir_corrected,352.1783240081355
1970-01-01 00:04:42.513,ir_corrected,330.561159302454
1970-01-01 00:04:42.566,ir_corrected,294.8405509672195
1970-01-01 00:04:42.663,ir_corrected,291.4250215637724
1970-01-01 00:04:42.679,ir_corrected,309.98145216379135
1970-01-01 00:04:05.245,ir_corrected,-333.02670078450944
1970-01-01 00:04:05.312,ir_corrected,-364.4300683864999
1970-01-01 00:04:05.335,ir_corrected,-346.6542038583722
1970-01-01 00:04:05.556,ir_corrected,-341.0230527326972
1970-01-01 00:04:05.572,ir_corrected,-339.9733155351427
1970-01-01 00:04:05.588,ir_corrected,-366.06746084634807
1970-01-01 00:04:05.607,ir_corrected,-374.09017646139
1970-01-01 00:04:05.627,ir_corrected,-376.3379839966568
1970-01-01 00:04:05.640,ir_corrected,-371.4319628339238
1970-01-01 00:04:05.660,ir_corrected,-369.6530871263128
1970-01-01 00:04:05.680,ir_corrected,-358.9286930147474
1970-01-01 00:04:05.700,ir_corrected,-377.1135080912705
1970-01-01 00:04:05.722,ir_corrected,-382.2198344897735
1970-01-01 00:04:05.754,ir_corrected,-397.24579319792815
1970-01-01 00:04:05.770,ir_corrected,-405.1280156158591
1970-01-01 00:04:05.794,ir_corrected,-414.45321062843766
1970-01-01 00:04:05.814,ir_corrected,-400.0390501890342
1970-01-01 00:04:05.821,ir_corrected,-394.9922356310436
1970-01-01 00:04:05.841,ir_corrected,-412.9403404677114
1970-01-01 00:04:05.868,ir_corrected,-402.3663064943814
1970-01-01 00:04:05.888,ir_corrected,-419.8489265300514
1970-01-01 00:04:05.905,ir_corrected,-421.05572079228256
1970-01-01 00:04:05.922,ir_corrected,-426.31803783887307
1970-01-01 00:04:05.943,ir_corrected,-454.9159197283678
1970-01-01 00:04:05.972,ir_corrected,-435.69122938289473
1970-01-01 00:04:05.999,ir_corrected,-446.3609302677349
1970-01-01 00:04:06.019,ir_corrected,-456.3344382837611
1970-01-01 00:04:06.039,ir_corrected,-429.4446655423113
1970-01-01 00:04:06.059,ir_corrected,-439.3577984884264
1970-01-01 00:04:06.066,ir_corrected,-437.1176861953618
1970-01-01 00:04:06.086,ir_corrected,-426.97893408955446
1970-01-01 00:04:06.116,ir_corrected,-417.56805890984697
1970-01-01 00:04:06.136,ir_corrected,-408.37617283806514
1970-01-01 00:04:06.156,ir_corrected,-412.1647964283236
1970-01-01 00:04:06.175,ir_corrected,-411.9912679486296
1970-01-01 00:04:06.194,ir_corrected,-424.5681910797544
1970-01-01 00:04:06.210,ir_corrected,-401.4643062621164
1970-01-01 00:04:06.226,ir_corrected,-425.6112973708031
1970-01-01 00:04:06.248,ir_corrected,-426.1241094415937
1970-01-01 00:04:06.275,ir_corrected,-437.0443238446211
1970-01-01 00:04:06.282,ir_corrected,-431.8870108613529
1970-01-01 00:04:06.302,ir_corrected,-431.85075835256447
1970-01-01 00:04:06.322,ir_corrected,-461.6656291664944
1970-01-01 00:04:06.346,ir_corrected,-455.3469183682699
1970-01-01 00:04:06.368,ir_corrected,-458.5009263664894
1970-01-01 00:04:06.384,ir_corrected,-474.6681135269318
1970-01-01 00:04:06.404,ir_corrected,-497.2391529023368
1970-01-01 00:04:06.424,ir_corrected,-464.044255024011
1970-01-01 00:04:06.444,ir_corrected,-509.6212979944317
1970-01-01 00:04:06.471,ir_corrected,-494.2169601682796
1970-01-01 00:04:06.490,ir_corrected,-495.40682349595625
1970-01-01 00:04:06.506,ir_corrected,-518.4375316834196
1970-01-01 00:04:06.524,ir_corrected,-523.1412803718533
1970-01-01 00:04:06.544,ir_corrected,-476.72473454075634
1970-01-01 00:04:06.566,ir_corrected,-535.1601199106274
1970-01-01 00:04:06.586,ir_corrected,-529.6203064092323
1970-01-01 00:04:06.606,ir_corrected,-534.059092636388
1970-01-01 00:04:06.633,ir_corrected,-546.8644241528616
1970-01-01 00:04:06.649,ir_corrected,-538.5457375100907
1970-01-01 00:04:06.665,ir_corrected,-537.2394634209603
1970-01-01 00:04:06.686,ir_corrected,-543.2123604791519
1970-01-01 00:04:06.716,ir_corrected,-534.8202757024355
1970-01-01 00:04:06.725,ir_corrected,-553.8066665317716
1970-01-01 00:04:06.745,ir_corrected,-540.1001221337459
1970-01-01 00:04:06.767,ir_corrected,-561.8566267927479
1970-01-01 00:04:06.793,ir_corrected,-557.0398581725198
1970-01-01 00:04:06.809,ir_corrected,-548.5469069607576
1970-01-01 00:04:06.828,ir_corrected,-567.3874060327488
1970-01-01 00:04:06.846,ir_corrected,-570.8086901463736
1970-01-01 00:04:06.866,ir_corrected,-601.1890745581472
1970-01-01 00:04:06.886,ir_corrected,-581.6698504238532
1970-01-01 00:04:06.914,ir_corrected,-603.2555781211853
1970-01-01 00:04:06.930,ir_corrected,-586.163662756897
1970-01-01 00:04:06.946,ir_corrected,-604.9114754714144
1970-01-01 00:04:06.978,ir_corrected,-594.3004603489969
1970-01-01 00:04:07.002,ir_corrected,-608.2299791331114
1970-01-01 00:04:07.022,ir_corrected,-605.2366738881645
1970-01-01 00:04:07.042,ir_corrected,-615.193874891409
1970-01-01 00:04:07.047,ir_corrected,-612.1035648096283
1970-01-01 00:04:07.067,ir_corrected,-616.4110643646621
1970-01-01 00:04:07.084,ir_corrected,-612.1630493171895
1970-01-01 00:04:07.115,ir_corrected,-612.8118948377607
1970-01-01 00:04:07.138,ir_corrected,-611.2968686635447
1970-01-01 00:04:07.160,ir_corrected,-619.0355903112626
1970-01-01 00:04:07.180,ir_corrected,-608.942548690613
1970-01-01 00:04:07.200,ir_corrected,-617.8050859037381
1970-01-01 00:04:07.218,ir_corrected,-620.863252810425
1970-01-01 00:04:07.237,ir_corrected,-636.1360902528718
1970-01-01 00:04:07.253,ir_corrected,-625.6761494844969
1970-01-01 00:04:07.269,ir_corrected,-641.5011787465609
1970-01-01 00:04:07.297,ir_corrected,-642.3865987213977
1970-01-01 00:04:07.323,ir_corrected,-647.897245728155
1970-01-01 00:04:07.343,ir_corrected,-658.9662533860992
1970-01-01 00:04:07.363,ir_corrected,-650.0770713534558
1970-01-01 00:04:07.379,ir_corrected,-673.4912356799158
1970-01-01 00:04:07.397,ir_corrected,-598.594933539941
1970-01-01 00:04:07.415,ir_corrected,-665.5496030448173
1970-01-01 00:04:07.440,ir_corrected,-678.7034835670612
1970-01-01 00:04:07.448,ir_corrected,-675.259467609531
1970-01-01 00:04:07.468,ir_corrected,-667.1086688646122
1970-01-01 00:04:07.488,ir_corrected,-667.9548931894152
1970-01-01 00:04:07.508,ir_corrected,-678.7481554685963
1970-01-01 00:04:07.532,ir_corrected,-681.463413295289
1970-01-01 00:04:07.548,ir_corrected,-676.2281889127302
1970-01-01 00:04:07.564,ir_corrected,-662.3080183891134
1970-01-01 00:04:07.585,ir_corrected,-666.1977012329312
1970-01-01 00:04:07.605,ir_corrected,-676.0708697355785
1970-01-01 00:04:07.625,ir_corrected,-667.9812626227599
1970-01-01 00:04:07.645,ir_corrected,-636.0486937725645
1970-01-01 00:04:07.673,ir_corrected,-637.9877353587549
1970-01-01 00:04:07.689,ir_corrected,-609.1089915674675
1970-01-01 00:04:07.705,ir_corrected,-604.1867649331689
1970-01-01 00:04:07.728,ir_corrected,-601.4568447966117
1970-01-01 00:04:07.748,ir_corrected,-604.3386376797993
1970-01-01 00:04:07.777,ir_corrected,-586.3046469939975
1970-01-01 00:04:07.797,ir_corrected,-578.3256765538853
1970-01-01 00:04:07.808,ir_corrected,-552.0920449007216
1970-01-01 00:04:07.828,ir_corrected,-561.0581672459422
1970-01-01 00:04:07.859,ir_corrected,-526.7773444716477
1970-01-01 00:04:07.875,ir_corrected,-513.5509430717862
1970-01-01 00:04:07.889,ir_corrected,-486.4736755813062
1970-01-01 00:04:07.909,ir_corrected,-456.7515606279708
1970-01-01 00:04:07.936,ir_corrected,-443.7048785950237
1970-01-01 00:04:07.956,ir_corrected,-430.4784523791705
1970-01-01 00:04:07.972,ir_corrected,-399.680985439506
1970-01-01 00:04:07.988,ir_corrected,-427.873141227489
1970-01-01 00:04:08.019,ir_corrected,-422.4918773528934
1970-01-01 00:04:08.035,ir_corrected,-457.1939669929631
1970-01-01 00:04:08.051,ir_corrected,-426.56742342270354
1970-01-01 00:04:08.071,ir_corrected,-444.0520757072417
1970-01-01 00:04:08.098,ir_corrected,-450.9934926331445
1970-01-01 00:04:08.118,ir_corrected,-463.95546046473584
1970-01-01 00:04:08.139,ir_corrected,-481.2926648080799
1970-01-01 00:04:08.155,ir_corrected,-487.5797669623921
1970-01-01 00:04:08.171,ir_corrected,-507.55470010016427
1970-01-01 00:04:08.195,ir_corrected,-517.9646911936047
1970-01-01 00:04:08.221,ir_corrected,-536.0528333002303
1970-01-01 00:04:08.241,ir_corrected,-523.12517153283
1970-01-01 00:04:08.251,ir_corrected,-538.6178652066413
1970-01-01 00:04:08.271,ir_corrected,-541.4378113505045
1970-01-01 00:04:08.287,ir_corrected,-530.2959112617718
1970-01-01 00:04:08.319,ir_corrected,-525.1882793556742
1970-01-01 00:04:08.339,ir_corrected,-509.8275664422019
1970-01-01 00:04:08.348,ir_corrected,-518.022944334025
1970-01-01 00:04:08.368,ir_corrected,-532.7922913781539
1970-01-01 00:04:08.396,ir_corrected,-521.8012284668068
1970-01-01 00:04:08.420,ir_corrected,-535.5274971524827
1970-01-01 00:04:08.440,ir_corrected,-556.2080336602997
1970-01-01 00:04:08.456,ir_corrected,-540.9114994949688
1970-01-01 00:04:08.472,ir_corrected,-549.3670879170376
1970-01-01 00:04:08.499,ir_corrected,-555.0761497747741
1970-01-01 00:04:08.522,ir_corrected,-553.5649488611781
1970-01-01 00:04:08.542,ir_corrected,-537.1473021153008
1970-01-01 00:04:08.562,ir_corrected,-534.7435015547293
1970-01-01 00:04:08.578,ir_corrected,-521.5227448010313
1970-01-01 00:04:08.594,ir_corrected,-513.9461670644562
1970-01-01 00:04:08.618,ir_corrected,-522.0123755880467
1970-01-01 00:04:08.638,ir_corrected,-498.8727240103418
1970-01-01 00:04:08.660,ir_corrected,-498.0998256265341
1970-01-01 00:04:08.675,ir_corrected,-488.7367678852871
1970-01-01 00:04:08.695,ir_corrected,-495.4506767019057
1970-01-01 00:04:08.715,ir_corrected,-486.2123760738222
1970-01-01 00:04:08.742,ir_corrected,-494.2892109884415
1970-01-01 00:04:08.760,ir_corrected,-495.04717859143767
1970-01-01 00:04:08.777,ir_corrected,-476.9407246332872
1970-01-01 00:04:08.804,ir_corrected,-496.9600309223384
1970-01-01 00:04:08.820,ir_corrected,-515.0861218037325
1970-01-01 00:04:08.840,ir_corrected,-490.2525594196637
1970-01-01 00:04:08.860,ir_corrected,-510.3166663253363
1970-01-01 00:04:08.877,ir_corrected,-506.2638966870282
1970-01-01 00:04:08.894,ir_corrected,-525.2016679214761
1970-01-01 00:04:08.910,ir_corrected,-527.3749365480235
1970-01-01 00:04:08.926,ir_corrected,-516.6108894994996
1970-01-01 00:04:08.961,ir_corrected,-521.0882416512552
1970-01-01 00:04:08.981,ir_corrected,-526.2764538908468
1970-01-01 00:04:08.992,ir_corrected,-504.0856132140485
1970-01-01 00:04:09.012,ir_corrected,-521.0539197480375
1970-01-01 00:04:09.029,ir_corrected,-530.3127175020492
1970-01-01 00:04:09.060,ir_corrected,-520.9472867492386
1970-01-01 00:04:09.069,ir_corrected,-556.9516095345773
1970-01-01 00:04:09.089,ir_corrected,-544.6468652225316
1970-01-01 00:04:09.107,ir_corrected,-540.4671741013572
1970-01-01 00:04:09.127,ir_corrected,-547.2854205556242
1970-01-01 00:04:09.147,ir_corrected,-561.0327752651139
1970-01-01 00:04:09.180,ir_corrected,-570.181741550702
1970-01-01 00:04:09.197,ir_corrected,-534.3738244481445
1970-01-01 00:04:09.215,ir_corrected,-572.9130878385647
1970-01-01 00:04:09.239,ir_corrected,-555.6659398742491
1970-01-01 00:04:09.245,ir_corrected,-557.0448296063934
1970-01-01 00:04:09.265,ir_corrected,-563.1308211292215
1970-01-01 00:04:09.285,ir_corrected,-561.2312687657336
1970-01-01 00:04:09.305,ir_corrected,-554.3711002353677
1970-01-01 00:04:09.328,ir_corrected,-550.6428701171844
1970-01-01 00:04:09.360,ir_corrected,-556.2531951112934
1970-01-01 00:04:09.376,ir_corrected,-572.366243636829
1970-01-01 00:04:09.391,ir_corrected,-553.6352224418275
1970-01-01 00:04:09.411,ir_corrected,-564.3525251605884
1970-01-01 00:04:09.436,ir_corrected,-545.981982840635
1970-01-01 00:04:09.456,ir_corrected,-543.2629380999078
1970-01-01 00:04:09.472,ir_corrected,-558.4143202870238
1970-01-01 00:04:09.488,ir_corrected,-554.7496707695512
1970-01-01 00:04:09.520,ir_corrected,-524.5672680568235
1970-01-01 00:04:09.543,ir_corrected,-478.377892109761
1970-01-01 00:04:09.563,ir_corrected,-436.3395322166085
1970-01-01 00:04:09.583,ir_corrected,-401.4823924022096
1970-01-01 00:04:09.593,ir_corrected,-373.4932342848288
1970-01-01 00:04:09.613,ir_corrected,-368.11800344961375
1970-01-01 00:04:09.634,ir_corrected,-369.1812231522784
1970-01-01 00:04:09.651,ir_corrected,-367.17914318239815
1970-01-01 00:04:09.669,ir_corrected,-357.9642263067064
1970-01-01 00:04:09.696,ir_corrected,-364.5493083916727
1970-01-01 00:04:09.715,ir_corrected,-383.116825377724
1970-01-01 00:04:09.735,ir_corrected,-380.8720469557844
1970-01-01 00:04:09.755,ir_corrected,-403.5170722546285
1970-01-01 00:04:09.778,ir_corrected,-402.6829389317828
1970-01-01 00:04:09.794,ir_corrected,-407.711851740458
1970-01-01 00:04:09.812,ir_corrected,-426.1334224999624
1970-01-01 00:04:09.829,ir_corrected,-422.4921010873976
1970-01-01 00:04:09.861,ir_corrected,-438.0789908757562
1970-01-01 00:04:09.881,ir_corrected,-437.0704877193435
1970-01-01 00:04:09.889,ir_corrected,-427.6327997753475
1970-01-01 00:04:09.909,ir_corrected,-411.1082856008488
1970-01-01 00:04:09.935,ir_corrected,-424.55370478203895
1970-01-01 00:04:09.951,ir_corrected,-439.0505560354798
1970-01-01 00:04:09.967,ir_corrected,-426.14301077840537
1970-01-01 00:04:09.984,ir_corrected,-423.8030495546504
1970-01-01 00:04:10.004,ir_corrected,-413.4279826748145
1970-01-01 00:04:10.033,ir_corrected,-446.8469403017367
1970-01-01 00:04:10.053,ir_corrected,-440.40626831269225
1970-01-01 00:04:10.069,ir_corrected,-430.32988073660135
1970-01-01 00:04:10.100,ir_corrected,-428.5980843525927
1970-01-01 00:04:10.116,ir_corrected,-433.4057855481743
1970-01-01 00:04:10.143,ir_corrected,-434.94210462768285
1970-01-01 00:04:10.162,ir_corrected,-440.72588132518354
1970-01-01 00:04:10.182,ir_corrected,-440.1850830911864
1970-01-01 00:04:10.202,ir_corrected,-443.62558942638833
1970-01-01 00:04:10.220,ir_corrected,-455.2030659208528
1970-01-01 00:04:10.236,ir_corrected,-446.4345363484449
1970-01-01 00:04:10.252,ir_corrected,-459.979752576054
1970-01-01 00:04:10.268,ir_corrected,-462.2681071830102
1970-01-01 00:04:10.291,ir_corrected,-463.90760769693617
1970-01-01 00:04:10.317,ir_corrected,-474.5444017577513
1970-01-01 00:04:10.337,ir_corrected,-465.1987918449356
1970-01-01 00:04:10.366,ir_corrected,-459.6807365110405
1970-01-01 00:04:10.369,ir_corrected,-461.4180690217194
1970-01-01 00:04:10.389,ir_corrected,-331.38225791736227
1970-01-01 00:04:10.421,ir_corrected,-462.74319107816194
1970-01-01 00:04:10.422,ir_corrected,-478.2997863142044
1970-01-01 00:04:10.442,ir_corrected,-460.188492632594
1970-01-01 00:04:10.462,ir_corrected,-473.9614172825433
1970-01-01 00:04:10.482,ir_corrected,-477.7115029928711
1970-01-01 00:04:10.508,ir_corrected,-478.106783692395
1970-01-01 00:04:10.539,ir_corrected,-470.3304988304114
1970-01-01 00:04:10.555,ir_corrected,-464.79432736031606
1970-01-01 00:04:10.571,ir_corrected,-427.52217987124754
1970-01-01 00:04:10.594,ir_corrected,-412.1279398996994
1970-01-01 00:04:10.617,ir_corrected,-391.29906189277744
1970-01-01 00:04:10.637,ir_corrected,-365.4977948473482
1970-01-01 00:04:10.657,ir_corrected,-355.7459504940917
1970-01-01 00:04:10.748,ir_corrected,-330.61037162146835
1970-01-01 00:04:10.768,ir_corrected,-339.928505371206
1970-01-01 00:04:10.799,ir_corrected,-353.6366125274969
1970-01-01 00:04:10.815,ir_corrected,-358.8875553431066
1970-01-01 00:04:10.836,ir_corrected,-356.46295942372825
1970-01-01 00:04:10.858,ir_corrected,-358.27839504293
1970-01-01 00:04:10.875,ir_corrected,-354.43997333373693
1970-01-01 00:04:10.895,ir_corrected,-363.7314770702261
1970-01-01 00:04:10.910,ir_corrected,-376.0952201375652
1970-01-01 00:04:10.930,ir_corrected,-363.73690881004745
1970-01-01 00:04:10.962,ir_corrected,-366.2623719059381
1970-01-01 00:04:10.983,ir_corrected,-386.2169947426891
1970-01-01 00:04:11.000,ir_corrected,-378.739786611669
1970-01-01 00:04:11.016,ir_corrected,-378.0219604619426
1970-01-01 00:04:11.032,ir_corrected,-376.827144042912
1970-01-01 00:04:11.057,ir_corrected,-383.6602858252021
1970-01-01 00:04:11.077,ir_corrected,-401.5004893061338
1970-01-01 00:04:11.094,ir_corrected,-390.2946311708963
1970-01-01 00:04:11.113,ir_corrected,-388.9272349387681
1970-01-01 00:04:11.128,ir_corrected,-390.0518669378171
1970-01-01 00:04:11.148,ir_corrected,-378.3725935214755
1970-01-01 00:04:11.184,ir_corrected,-359.5434714882296
1970-01-01 00:04:11.204,ir_corrected,-355.12022777341485
1970-01-01 00:04:11.220,ir_corrected,-360.3631122053706
1970-01-01 00:04:11.236,ir_corrected,-360.26661350628694
1970-01-01 00:04:11.254,ir_corrected,-364.0678842791108
1970-01-01 00:04:11.274,ir_corrected,-357.8636430453881
1970-01-01 00:04:11.291,ir_corrected,-369.0984590423259
1970-01-01 00:04:11.311,ir_corrected,-363.6562279398548
1970-01-01 00:04:11.329,ir_corrected,-371.5905764410828
1970-01-01 00:04:11.349,ir_corrected,-369.76428734477264
1970-01-01 00:04:11.384,ir_corrected,-371.785074870011
1970-01-01 00:04:11.404,ir_corrected,-360.0511421617279
1970-01-01 00:04:11.420,ir_corrected,-378.7082511847781
1970-01-01 00:04:11.437,ir_corrected,-378.0702832975528
1970-01-01 00:04:11.458,ir_corrected,-370.4702724870173
1970-01-01 00:04:11.478,ir_corrected,-375.6500214260165
1970-01-01 00:04:11.498,ir_corrected,-372.8444704062119
1970-01-01 00:04:11.515,ir_corrected,-372.6456709350827
1970-01-01 00:04:11.538,ir_corrected,-375.7961357717293
1970-01-01 00:04:11.556,ir_corrected,-364.7365295271129
1970-01-01 00:04:11.573,ir_corrected,-363.8241119954753
1970-01-01 00:04:11.590,ir_corrected,-377.3392034425078
1970-01-01 00:04:11.608,ir_corrected,-353.1174617764456
1970-01-01 00:04:11.619,ir_corrected,-359.089167286463
1970-01-01 00:04:11.639,ir_corrected,-364.18863876813685
1970-01-01 00:04:11.676,ir_corrected,-354.3976633004348
1970-01-01 00:04:11.693,ir_corrected,-361.35500714695365
1970-01-01 00:04:11.714,ir_corrected,-344.54951405579504
1970-01-01 00:04:11.729,ir_corrected,-361.6933467969218
1970-01-01 00:04:11.749,ir_corrected,-360.1006078153696
1970-01-01 00:04:11.783,ir_corrected,-354.44872434882444
1970-01-01 00:04:11.803,ir_corrected,-349.3107873845197
1970-01-01 00:04:11.815,ir_corrected,-352.3874919049029
1970-01-01 00:04:11.835,ir_corrected,-350.5735733650313
1970-01-01 00:04:11.855,ir_corrected,-357.7237368729832
1970-01-01 00:04:11.876,ir_corrected,-333.9914183013758
1970-01-01 00:04:11.897,ir_corrected,-337.51050490173924
1970-01-01 00:04:11.916,ir_corrected,-341.52012967288334
1970-01-01 00:04:11.933,ir_corrected,-335.72150758811733
1970-01-01 00:04:11.953,ir_corrected,-328.96286674005347
1970-01-01 00:04:11.978,ir_corrected,-351.13280202246017
1970-01-01 00:04:11.998,ir_corrected,-351.314472451563
1970-01-01 00:04:12.018,ir_corrected,-338.5602451460093
1970-01-01 00:04:12.044,ir_corrected,-342.8386155807768
1970-01-01 00:04:12.062,ir_corrected,-334.1938735531669
1970-01-01 00:04:12.079,ir_corrected,-334.29465828265614
1970-01-01 00:04:12.088,ir_corrected,-326.5470469623782
1970-01-01 00:04:12.108,ir_corrected,-328.02050009705016
1970-01-01 00:04:12.133,ir_corrected,-337.38722571384767
1970-01-01 00:04:12.153,ir_corrected,-334.6540746829772
1970-01-01 00:04:12.173,ir_corrected,-335.9146016273819
1970-01-01 00:04:12.204,ir_corrected,-343.0553675479318
1970-01-01 00:04:12.220,ir_corrected,-382.8050312886333
1970-01-01 00:04:12.232,ir_corrected,-329.13204264748214
1970-01-01 00:04:12.252,ir_corrected,-332.55189480571545
1970-01-01 00:04:12.288,ir_corrected,-349.8090056683209
1970-01-01 00:04:12.308,ir_corrected,-340.0431248642681
1970-01-01 00:04:12.325,ir_corrected,-345.4992209606266
1970-01-01 00:04:12.341,ir_corrected,-391.5115658075805
1970-01-01 00:04:12.357,ir_corrected,-337.57990186932824
1970-01-01 00:04:12.373,ir_corrected,-332.7424232356253
1970-01-01 00:04:12.408,ir_corrected,-337.0861582190686
1970-01-01 00:04:12.414,ir_corrected,-335.3742023670296
1970-01-01 00:04:12.434,ir_corrected,-331.7584340892824
1970-01-01 00:04:12.454,ir_corrected,-333.1362682980808
1970-01-01 00:04:12.474,ir_corrected,-336.43189694390776
1970-01-01 00:04:12.490,ir_corrected,-324.5290637658251
1970-01-01 00:04:12.522,ir_corrected,-337.92123862502865
1970-01-01 00:04:12.529,ir_corrected,-330.1226972976627
1970-01-01 00:04:12.549,ir_corrected,-330.1678175919653
1970-01-01 00:04:12.570,ir_corrected,-324.4391979002151
1970-01-01 00:04:12.590,ir_corrected,-331.89580295886964
1970-01-01 00:04:12.610,ir_corrected,-330.36101706100214
1970-01-01 00:04:12.634,ir_corrected,-328.3992986430591
1970-01-01 00:04:12.650,ir_corrected,-331.8438358709461
1970-01-01 00:04:12.681,ir_corrected,-326.76323627904753
1970-01-01 00:04:12.717,ir_corrected,-337.50144660015616
1970-01-01 00:04:12.759,ir_corrected,-335.30307099100344
1970-01-01 00:04:12.788,ir_corrected,-330.27973552523514
1970-01-01 00:04:12.789,ir_corrected,-341.48722671612387
1970-01-01 00:04:12.809,ir_corrected,-356.65471662733944
1970-01-01 00:04:12.832,ir_corrected,-338.21524311332644
1970-01-01 00:04:12.851,ir_corrected,-349.3255775724818
1970-01-01 00:04:12.871,ir_corrected,-350.37604908221624
1970-01-01 00:04:12.891,ir_corrected,-344.45559861324693
1970-01-01 00:04:12.920,ir_corrected,-345.5832826150815
1970-01-01 00:04:12.936,ir_corrected,-349.3704492053736
1970-01-01 00:04:12.952,ir_corrected,-347.67934583839667
1970-01-01 00:04:12.972,ir_corrected,-356.63156294675434
1970-01-01 00:04:12.992,ir_corrected,-352.55827854413707
1970-01-01 00:04:13.015,ir_corrected,-358.72363817618515
1970-01-01 00:04:13.035,ir_corrected,-346.12170122656534
1970-01-01 00:04:13.055,ir_corrected,-360.4487289951469
1970-01-01 00:04:13.075,ir_corrected,-346.62753049661933
1970-01-01 00:04:13.091,ir_corrected,-365.50592312807714
1970-01-01 00:04:13.123,ir_corrected,-357.7751281941788
1970-01-01 00:04:13.148,ir_corrected,-352.65198294489335
1970-01-01 00:04:13.156,ir_corrected,-361.67718645966215
1970-01-01 00:04:13.176,ir_corrected,-337.11640047355775
1970-01-01 00:04:13.196,ir_corrected,-355.46435687272947
1970-01-01 00:04:13.218,ir_corrected,-346.7099807333713
1970-01-01 00:04:13.238,ir_corrected,-359.7818053028878
1970-01-01 00:04:13.254,ir_corrected,-338.1702371644328
1970-01-01 00:04:13.270,ir_corrected,-348.3707958053684
1970-01-01 00:04:13.291,ir_corrected,-342.5394663436103
1970-01-01 00:04:13.311,ir_corrected,-350.6665733116939
1970-01-01 00:04:13.333,ir_corrected,-336.92041745876713
1970-01-01 00:04:13.353,ir_corrected,-325.3161984493377
1970-01-01 00:04:13.384,ir_corrected,-342.7291233502392
1970-01-01 00:04:13.400,ir_corrected,-339.64805032710774
1970-01-01 00:04:13.416,ir_corrected,-336.8042245926324
1970-01-01 00:04:13.432,ir_corrected,-331.3396816600501
1970-01-01 00:04:13.448,ir_corrected,-333.6475697883415
1970-01-01 00:03:33.010,ir_corrected,283.38464607212256
1970-01-01 00:03:33.123,ir_corrected,285.64125972972954
1970-01-01 00:03:33.143,ir_corrected,300.47009220844814
1970-01-01 00:03:33.167,ir_corrected,353.0898604703843
1970-01-01 00:03:33.187,ir_corrected,368.8914819600725
1970-01-01 00:03:33.204,ir_corrected,336.4037516888839
1970-01-01 00:03:33.222,ir_corrected,327.84494616046595
1970-01-01 00:03:33.240,ir_corrected,321.6321766467058
1970-01-01 00:03:33.260,ir_corrected,329.93936286735953
1970-01-01 00:03:33.280,ir_corrected,330.04271340998974
1970-01-01 00:03:33.300,ir_corrected,317.86217789282523
1970-01-01 00:03:33.322,ir_corrected,308.11808531736847
1970-01-01 00:03:33.480,ir_corrected,296.55651430568463
1970-01-01 00:03:33.496,ir_corrected,305.81658030790857
1970-01-01 00:03:33.512,ir_corrected,307.2002732024021
1970-01-01 00:03:33.547,ir_corrected,297.315854631784
1970-01-01 00:03:33.567,ir_corrected,297.1640297314289
